1;BRGP00020;Neutrik Jack NC3FXX;0;2022-01-01
2;BRGP01811;Srexact Jack Stereo Mini SP110AM-G-C81-BK;0;2022-01-01
3;BRGP00021;Neutrik Jack NC3MXX;1;2022-01-03
4;BRGP00903;D Addario S/G Reguler EXL-120;1;2022-01-03
5;BRGP00021;Neutrik Jack NC3MXX;1;2022-01-04
6;BRGP00843;Focus Jack Mic Male GCA 700/N3P;1;2022-01-05
7;BRGP00899;D Addario S/G Acc. EJ-10 X-Lite;1;2022-01-05
8;BRGP01623;SREXACT Jack Male SVP555V-BK-PG;1;2022-01-05
9;BRGP01809;Srexact Jack Akai Mono SP102X-POG;1;2022-01-05
10;BRGP00021;Neutrik Jack NC3MXX;2;2022-01-06
11;BRGP01809;Srexact Jack Akai Mono SP102X-POG;1;2022-01-06
12;BRGP00021;Neutrik Jack NC3MXX;2;2022-01-07
13;BRGP00899;D Addario S/G Acc. EJ-10 X-Lite;1;2022-01-07
14;BRGP00921;Centurion CLED 543X RGBW;12;2022-01-07
15;BRGP01809;Srexact Jack Akai Mono SP102X-POG;2;2022-01-07
16;BRGP00899;D Addario S/G Acc. EJ-10 X-Lite;1;2022-01-08
17;BRGP00921;Centurion CLED 543X RGBW;12;2022-01-10
18;BRGP01621;SREXACT Jack RCA SP116G-C81-BK;2;2022-01-12
19;BRGP00021;Neutrik Jack NC3MXX;1;2022-01-13
20;BRGP01621;SREXACT Jack RCA SP116G-C81-BK;4;2022-01-13
21;BRGP01809;Srexact Jack Akai Mono SP102X-POG;4;2022-01-13
22;BRGP00021;Neutrik Jack NC3MXX;4;2022-01-14
23;BRGP00899;D Addario S/G Acc. EJ-10 X-Lite;1;2022-01-14
24;BRGP01623;SREXACT Jack Male SVP555V-BK-PG;2;2022-01-14
25;BRGP01809;Srexact Jack Akai Mono SP102X-POG;2;2022-01-14
26;BRGP00021;Neutrik Jack NC3MXX;3;2022-01-15
27;BRGP01809;Srexact Jack Akai Mono SP102X-POG;2;2022-01-15
28;BRGP00903;D Addario S/G Reguler EXL-120;1;2022-01-17
29;BRGP01809;Srexact Jack Akai Mono SP102X-POG;7;2022-01-17
30;BRGP01623;SREXACT Jack Male SVP555V-BK-PG;1;2022-01-18
31;BRGP01809;Srexact Jack Akai Mono SP102X-POG;6;2022-01-18
32;BRGP00021;Neutrik Jack NC3MXX;1;2022-01-19
33;BRGP01621;SREXACT Jack RCA SP116G-C81-BK;2;2022-01-19
34;BRGP01623;SREXACT Jack Male SVP555V-BK-PG;3;2022-01-19
35;BRGP01809;Srexact Jack Akai Mono SP102X-POG;4;2022-01-19
36;BRGP00021;Neutrik Jack NC3MXX;1;2022-01-20
37;BRGP00899;D Addario S/G Acc. EJ-10 X-Lite;1;2022-01-20
38;BRGP01623;SREXACT Jack Male SVP555V-BK-PG;6;2022-01-20
39;BRGP01809;Srexact Jack Akai Mono SP102X-POG;3;2022-01-20
40;BRGP01623;SREXACT Jack Male SVP555V-BK-PG;1;2022-01-21
41;BRGP00903;D Addario S/G Reguler EXL-120;1;2022-01-22
42;BRGP00021;Neutrik Jack NC3MXX;4;2022-01-24
43;BRGP00021;Neutrik Jack NC3MXX;2;2022-01-25
44;BRGP00682;Krezt Jack Speakon TSC-033;4;2022-01-25
45;BRGP01621;SREXACT Jack RCA SP116G-C81-BK;2;2022-01-25
46;BRGP01809;Srexact Jack Akai Mono SP102X-POG;2;2022-01-26
47;BRGP00021;Neutrik Jack NC3MXX;5;2022-01-27
48;BRGP00899;D Addario S/G Acc. EJ-10 X-Lite;2;2022-01-27
49;BRGP01621;SREXACT Jack RCA SP116G-C81-BK;2;2022-01-27
50;BRGP01809;Srexact Jack Akai Mono SP102X-POG;2;2022-01-27
51;BRGP00903;D Addario S/G Reguler EXL-120;2;2022-01-28
52;BRGP01621;SREXACT Jack RCA SP116G-C81-BK;4;2022-01-28
53;BRGP00021;Neutrik Jack NC3MXX;3;2022-01-31
54;BRGP00903;D Addario S/G Reguler EXL-120;1;2022-01-31
55;BRGP01809;Srexact Jack Akai Mono SP102X-POG;1;2022-01-31
56;BRGP00682;Krezt Jack Speakon TSC-033;0;2022-02-01
57;BRGP00843;Focus Jack Mic Male GCA 700/N3P;0;2022-02-01
58;BRGP00921;Centurion CLED 543X RGBW;0;2022-02-01
59;BRGP00021;Neutrik Jack NC3MXX;1;2022-02-02
60;BRGP00903;D Addario S/G Reguler EXL-120;1;2022-02-02
61;BRGP01621;SREXACT Jack RCA SP116G-C81-BK;2;2022-02-02
62;BRGP01623;SREXACT Jack Male SVP555V-BK-PG;7;2022-02-02
63;BRGP01809;Srexact Jack Akai Mono SP102X-POG;8;2022-02-02
64;BRGP00899;D Addario S/G Acc. EJ-10 X-Lite;1;2022-02-03
65;BRGP00021;Neutrik Jack NC3MXX;1;2022-02-05
66;BRGP01621;SREXACT Jack RCA SP116G-C81-BK;4;2022-02-05
67;BRGP00021;Neutrik Jack NC3MXX;16;2022-02-07
68;BRGP00903;D Addario S/G Reguler EXL-120;1;2022-02-07
69;BRGP01621;SREXACT Jack RCA SP116G-C81-BK;20;2022-02-07
70;BRGP01623;SREXACT Jack Male SVP555V-BK-PG;6;2022-02-07
71;BRGP00899;D Addario S/G Acc. EJ-10 X-Lite;1;2022-02-08
72;BRGP01809;Srexact Jack Akai Mono SP102X-POG;3;2022-02-09
73;BRGP00021;Neutrik Jack NC3MXX;2;2022-02-10
74;BRGP00903;D Addario S/G Reguler EXL-120;1;2022-02-10
75;BRGP01623;SREXACT Jack Male SVP555V-BK-PG;1;2022-02-10
76;BRGP00021;Neutrik Jack NC3MXX;1;2022-02-11
77;BRGP00899;D Addario S/G Acc. EJ-10 X-Lite;1;2022-02-11
78;BRGP01809;Srexact Jack Akai Mono SP102X-POG;2;2022-02-11
79;BRGP00903;D Addario S/G Reguler EXL-120;1;2022-02-12
80;BRGP01621;SREXACT Jack RCA SP116G-C81-BK;4;2022-02-12
81;BRGP01809;Srexact Jack Akai Mono SP102X-POG;2;2022-02-12
82;BRGP00020;Neutrik Jack NC3FXX;11;2022-02-15
83;BRGP00021;Neutrik Jack NC3MXX;10;2022-02-15
84;BRGP00020;Neutrik Jack NC3FXX;2;2022-02-16
85;BRGP00903;D Addario S/G Reguler EXL-120;1;2022-02-16
86;BRGP00899;D Addario S/G Acc. EJ-10 X-Lite;1;2022-02-17
87;BRGP01623;SREXACT Jack Male SVP555V-BK-PG;2;2022-02-17
88;BRGP01809;Srexact Jack Akai Mono SP102X-POG;7;2022-02-17
89;BRGP00020;Neutrik Jack NC3FXX;2;2022-02-18
90;BRGP00021;Neutrik Jack NC3MXX;2;2022-02-18
91;BRGP00899;D Addario S/G Acc. EJ-10 X-Lite;1;2022-02-18
92;BRGP01621;SREXACT Jack RCA SP116G-C81-BK;15;2022-02-18
93;BRGP01623;SREXACT Jack Male SVP555V-BK-PG;10;2022-02-18
94;BRGP01809;Srexact Jack Akai Mono SP102X-POG;4;2022-02-18
95;BRGP01811;Srexact Jack Stereo Mini SP110AM-G-C81-BK;5;2022-02-18
96;BRGP00899;D Addario S/G Acc. EJ-10 X-Lite;1;2022-02-19
97;BRGP00903;D Addario S/G Reguler EXL-120;1;2022-02-19
98;BRGP01809;Srexact Jack Akai Mono SP102X-POG;2;2022-02-21
99;BRGP00020;Neutrik Jack NC3FXX;1;2022-02-23
100;BRGP00903;D Addario S/G Reguler EXL-120;1;2022-02-23
101;BRGP00020;Neutrik Jack NC3FXX;2;2022-02-25
102;BRGP00021;Neutrik Jack NC3MXX;2;2022-02-25
103;BRGP01623;SREXACT Jack Male SVP555V-BK-PG;2;2022-02-25
104;BRGP01809;Srexact Jack Akai Mono SP102X-POG;2;2022-02-25
105;BRGP00899;D Addario S/G Acc. EJ-10 X-Lite;1;2022-02-26
106;BRGP00682;Krezt Jack Speakon TSC-033;0;2022-03-01
107;BRGP00843;Focus Jack Mic Male GCA 700/N3P;0;2022-03-01
108;BRGP00903;D Addario S/G Reguler EXL-120;1;2022-03-04
109;BRGP00921;Centurion CLED 543X RGBW;6;2022-03-04
110;BRGP01621;SREXACT Jack RCA SP116G-C81-BK;2;2022-03-04
111;BRGP01623;SREXACT Jack Male SVP555V-BK-PG;4;2022-03-04
112;BRGP01809;Srexact Jack Akai Mono SP102X-POG;4;2022-03-04
113;BRGP00020;Neutrik Jack NC3FXX;5;2022-03-05
114;BRGP00021;Neutrik Jack NC3MXX;5;2022-03-05
115;BRGP00903;D Addario S/G Reguler EXL-120;1;2022-03-05
116;BRGP01621;SREXACT Jack RCA SP116G-C81-BK;2;2022-03-05
117;BRGP01623;SREXACT Jack Male SVP555V-BK-PG;1;2022-03-05
118;BRGP01809;Srexact Jack Akai Mono SP102X-POG;2;2022-03-05
119;BRGP01811;Srexact Jack Stereo Mini SP110AM-G-C81-BK;1;2022-03-05
120;BRGP00020;Neutrik Jack NC3FXX;7;2022-03-07
121;BRGP00021;Neutrik Jack NC3MXX;4;2022-03-07
122;BRGP00903;D Addario S/G Reguler EXL-120;2;2022-03-07
123;BRGP01621;SREXACT Jack RCA SP116G-C81-BK;2;2022-03-07
124;BRGP01809;Srexact Jack Akai Mono SP102X-POG;2;2022-03-08
125;BRGP01623;SREXACT Jack Male SVP555V-BK-PG;3;2022-03-09
126;BRGP01809;Srexact Jack Akai Mono SP102X-POG;5;2022-03-09
127;BRGP00899;D Addario S/G Acc. EJ-10 X-Lite;2;2022-03-11
128;BRGP00899;D Addario S/G Acc. EJ-10 X-Lite;1;2022-03-12
129;BRGP01621;SREXACT Jack RCA SP116G-C81-BK;6;2022-03-12
130;BRGP01809;Srexact Jack Akai Mono SP102X-POG;4;2022-03-12
131;BRGP01621;SREXACT Jack RCA SP116G-C81-BK;2;2022-03-15
132;BRGP00899;D Addario S/G Acc. EJ-10 X-Lite;1;2022-03-16
133;BRGP00921;Centurion CLED 543X RGBW;1;2022-03-16
134;BRGP01621;SREXACT Jack RCA SP116G-C81-BK;2;2022-03-16
135;BRGP01809;Srexact Jack Akai Mono SP102X-POG;4;2022-03-16
136;BRGP00020;Neutrik Jack NC3FXX;4;2022-03-18
137;BRGP00021;Neutrik Jack NC3MXX;8;2022-03-18
138;BRGP01809;Srexact Jack Akai Mono SP102X-POG;3;2022-03-18
139;BRGP01811;Srexact Jack Stereo Mini SP110AM-G-C81-BK;1;2022-03-19
140;BRGP00020;Neutrik Jack NC3FXX;5;2022-03-21
141;BRGP00021;Neutrik Jack NC3MXX;5;2022-03-21
142;BRGP01809;Srexact Jack Akai Mono SP102X-POG;2;2022-03-21
143;BRGP00021;Neutrik Jack NC3MXX;1;2022-03-22
144;BRGP01809;Srexact Jack Akai Mono SP102X-POG;2;2022-03-22
145;BRGP01621;SREXACT Jack RCA SP116G-C81-BK;2;2022-03-25
146;BRGP01623;SREXACT Jack Male SVP555V-BK-PG;1;2022-03-25
147;BRGP01623;SREXACT Jack Male SVP555V-BK-PG;1;2022-03-26
148;BRGP01809;Srexact Jack Akai Mono SP102X-POG;7;2022-03-26
149;BRGP00921;Centurion CLED 543X RGBW;1;2022-03-28
150;BRGP00020;Neutrik Jack NC3FXX;4;2022-03-30
151;BRGP00021;Neutrik Jack NC3MXX;2;2022-03-30
152;BRGP01809;Srexact Jack Akai Mono SP102X-POG;1;2022-03-31
153;BRGP00021;Neutrik Jack NC3MXX;1;2022-04-01
154;BRGP00682;Krezt Jack Speakon TSC-033;4;2022-04-01
155;BRGP00843;Focus Jack Mic Male GCA 700/N3P;0;2022-04-01
156;BRGP00903;D Addario S/G Reguler EXL-120;0;2022-04-01
157;BRGP00921;Centurion CLED 543X RGBW;0;2022-04-01
158;BRGP00020;Neutrik Jack NC3FXX;2;2022-04-02
159;BRGP00021;Neutrik Jack NC3MXX;7;2022-04-02
160;BRGP00899;D Addario S/G Acc. EJ-10 X-Lite;1;2022-04-02
161;BRGP00020;Neutrik Jack NC3FXX;3;2022-04-05
162;BRGP00020;Neutrik Jack NC3FXX;2;2022-04-06
163;BRGP01621;SREXACT Jack RCA SP116G-C81-BK;2;2022-04-07
164;BRGP01809;Srexact Jack Akai Mono SP102X-POG;3;2022-04-07
165;BRGP00020;Neutrik Jack NC3FXX;4;2022-04-08
166;BRGP00899;D Addario S/G Acc. EJ-10 X-Lite;1;2022-04-09
167;BRGP01623;SREXACT Jack Male SVP555V-BK-PG;1;2022-04-09
168;BRGP01809;Srexact Jack Akai Mono SP102X-POG;1;2022-04-09
169;BRGP00899;D Addario S/G Acc. EJ-10 X-Lite;1;2022-04-11
170;BRGP01621;SREXACT Jack RCA SP116G-C81-BK;2;2022-04-11
171;BRGP01623;SREXACT Jack Male SVP555V-BK-PG;13;2022-04-11
172;BRGP00020;Neutrik Jack NC3FXX;2;2022-04-12
173;BRGP01621;SREXACT Jack RCA SP116G-C81-BK;1;2022-04-12
174;BRGP01809;Srexact Jack Akai Mono SP102X-POG;5;2022-04-12
175;BRGP01811;Srexact Jack Stereo Mini SP110AM-G-C81-BK;1;2022-04-12
176;BRGP01623;SREXACT Jack Male SVP555V-BK-PG;16;2022-04-13
177;BRGP01809;Srexact Jack Akai Mono SP102X-POG;2;2022-04-13
178;BRGP00020;Neutrik Jack NC3FXX;6;2022-04-14
179;BRGP00899;D Addario S/G Acc. EJ-10 X-Lite;1;2022-04-14
180;BRGP01621;SREXACT Jack RCA SP116G-C81-BK;2;2022-04-14
181;BRGP01623;SREXACT Jack Male SVP555V-BK-PG;3;2022-04-16
182;BRGP01809;Srexact Jack Akai Mono SP102X-POG;5;2022-04-16
183;BRGP00020;Neutrik Jack NC3FXX;2;2022-04-18
184;BRGP01621;SREXACT Jack RCA SP116G-C81-BK;14;2022-04-20
185;BRGP01623;SREXACT Jack Male SVP555V-BK-PG;4;2022-04-20
186;BRGP00020;Neutrik Jack NC3FXX;2;2022-04-21
187;BRGP00899;D Addario S/G Acc. EJ-10 X-Lite;1;2022-04-21
188;BRGP01623;SREXACT Jack Male SVP555V-BK-PG;4;2022-04-21
189;BRGP01621;SREXACT Jack RCA SP116G-C81-BK;4;2022-04-23
190;BRGP01623;SREXACT Jack Male SVP555V-BK-PG;2;2022-04-25
191;BRGP01809;Srexact Jack Akai Mono SP102X-POG;1;2022-04-25
192;BRGP00020;Neutrik Jack NC3FXX;27;2022-04-26
193;BRGP00682;Krezt Jack Speakon TSC-033;4;2022-04-26
194;BRGP01621;SREXACT Jack RCA SP116G-C81-BK;6;2022-04-26
195;BRGP01623;SREXACT Jack Male SVP555V-BK-PG;1;2022-04-28
196;BRGP00020;Neutrik Jack NC3FXX;5;2022-04-29
197;BRGP00021;Neutrik Jack NC3MXX;0;2022-05-01
198;BRGP00903;D Addario S/G Reguler EXL-120;0;2022-05-01
199;BRGP00843;Focus Jack Mic Male GCA 700/N3P;2;2022-05-09
200;BRGP00899;D Addario S/G Acc. EJ-10 X-Lite;1;2022-05-09
201;BRGP00921;Centurion CLED 543X RGBW;4;2022-05-09
202;BRGP01621;SREXACT Jack RCA SP116G-C81-BK;2;2022-05-10
203;BRGP01623;SREXACT Jack Male SVP555V-BK-PG;2;2022-05-10
204;BRGP00020;Neutrik Jack NC3FXX;5;2022-05-11
205;BRGP01621;SREXACT Jack RCA SP116G-C81-BK;3;2022-05-11
206;BRGP01623;SREXACT Jack Male SVP555V-BK-PG;2;2022-05-11
207;BRGP01809;Srexact Jack Akai Mono SP102X-POG;1;2022-05-11
208;BRGP00843;Focus Jack Mic Male GCA 700/N3P;4;2022-05-13
209;BRGP00899;D Addario S/G Acc. EJ-10 X-Lite;1;2022-05-13
210;BRGP00020;Neutrik Jack NC3FXX;1;2022-05-14
211;BRGP01623;SREXACT Jack Male SVP555V-BK-PG;10;2022-05-14
212;BRGP01623;SREXACT Jack Male SVP555V-BK-PG;6;2022-05-18
213;BRGP01809;Srexact Jack Akai Mono SP102X-POG;2;2022-05-18
214;BRGP00020;Neutrik Jack NC3FXX;1;2022-05-20
215;BRGP00682;Krezt Jack Speakon TSC-033;2;2022-05-20
216;BRGP01621;SREXACT Jack RCA SP116G-C81-BK;6;2022-05-20
217;BRGP01623;SREXACT Jack Male SVP555V-BK-PG;14;2022-05-20
218;BRGP01809;Srexact Jack Akai Mono SP102X-POG;7;2022-05-20
219;BRGP01811;Srexact Jack Stereo Mini SP110AM-G-C81-BK;2;2022-05-20
220;BRGP01623;SREXACT Jack Male SVP555V-BK-PG;2;2022-05-23
221;BRGP00020;Neutrik Jack NC3FXX;1;2022-05-25
222;BRGP00020;Neutrik Jack NC3FXX;3;2022-05-27
223;BRGP00899;D Addario S/G Acc. EJ-10 X-Lite;1;2022-05-27
224;BRGP00020;Neutrik Jack NC3FXX;4;2022-05-28
225;BRGP00899;D Addario S/G Acc. EJ-10 X-Lite;2;2022-05-28
226;BRGP01621;SREXACT Jack RCA SP116G-C81-BK;2;2022-05-28
227;BRGP00020;Neutrik Jack NC3FXX;1;2022-05-30
228;BRGP00899;D Addario S/G Acc. EJ-10 X-Lite;1;2022-05-30
229;BRGP01623;SREXACT Jack Male SVP555V-BK-PG;2;2022-05-30
230;BRGP00021;Neutrik Jack NC3MXX;0;2022-06-01
231;BRGP00903;D Addario S/G Reguler EXL-120;0;2022-06-01
232;BRGP00921;Centurion CLED 543X RGBW;0;2022-06-01
233;BRGP00682;Krezt Jack Speakon TSC-033;1;2022-06-07
234;BRGP00899;D Addario S/G Acc. EJ-10 X-Lite;1;2022-06-07
235;BRGP00020;Neutrik Jack NC3FXX;2;2022-06-08
236;BRGP00020;Neutrik Jack NC3FXX;1;2022-06-10
237;BRGP01623;SREXACT Jack Male SVP555V-BK-PG;2;2022-06-10
238;BRGP01809;Srexact Jack Akai Mono SP102X-POG;1;2022-06-10
239;BRGP01623;SREXACT Jack Male SVP555V-BK-PG;7;2022-06-11
240;BRGP01623;SREXACT Jack Male SVP555V-BK-PG;1;2022-06-13
241;BRGP01809;Srexact Jack Akai Mono SP102X-POG;1;2022-06-13
242;BRGP00020;Neutrik Jack NC3FXX;1;2022-06-14
243;BRGP01811;Srexact Jack Stereo Mini SP110AM-G-C81-BK;9;2022-06-14
244;BRGP01621;SREXACT Jack RCA SP116G-C81-BK;2;2022-06-16
245;BRGP01623;SREXACT Jack Male SVP555V-BK-PG;2;2022-06-17
246;BRGP01811;Srexact Jack Stereo Mini SP110AM-G-C81-BK;10;2022-06-21
247;BRGP01811;Srexact Jack Stereo Mini SP110AM-G-C81-BK;1;2022-06-22
248;BRGP01623;SREXACT Jack Male SVP555V-BK-PG;3;2022-06-25
249;BRGP01809;Srexact Jack Akai Mono SP102X-POG;2;2022-06-25
250;BRGP00843;Focus Jack Mic Male GCA 700/N3P;15;2022-06-27
251;BRGP00899;D Addario S/G Acc. EJ-10 X-Lite;1;2022-06-27
252;BRGP01809;Srexact Jack Akai Mono SP102X-POG;2;2022-06-27
253;BRGP01809;Srexact Jack Akai Mono SP102X-POG;1;2022-06-28
254;BRGP00843;Focus Jack Mic Male GCA 700/N3P;8;2022-06-29
255;BRGP01623;SREXACT Jack Male SVP555V-BK-PG;2;2022-06-29
256;BRGP00020;Neutrik Jack NC3FXX;0;2022-07-01
257;BRGP00021;Neutrik Jack NC3MXX;0;2022-07-01
258;BRGP00682;Krezt Jack Speakon TSC-033;0;2022-07-01
259;BRGP01623;SREXACT Jack Male SVP555V-BK-PG;5;2022-07-01
260;BRGP01809;Srexact Jack Akai Mono SP102X-POG;5;2022-07-01
261;BRGP01811;Srexact Jack Stereo Mini SP110AM-G-C81-BK;0;2022-07-01
262;BRGP00843;Focus Jack Mic Male GCA 700/N3P;5;2022-07-04
263;BRGP01623;SREXACT Jack Male SVP555V-BK-PG;2;2022-07-04
264;BRGP01623;SREXACT Jack Male SVP555V-BK-PG;1;2022-07-05
265;BRGP01809;Srexact Jack Akai Mono SP102X-POG;1;2022-07-05
266;BRGP01621;SREXACT Jack RCA SP116G-C81-BK;1;2022-07-13
267;BRGP01623;SREXACT Jack Male SVP555V-BK-PG;5;2022-07-13
268;BRGP01809;Srexact Jack Akai Mono SP102X-POG;2;2022-07-13
269;BRGP01623;SREXACT Jack Male SVP555V-BK-PG;2;2022-07-18
270;BRGP00843;Focus Jack Mic Male GCA 700/N3P;1;2022-07-20
271;BRGP00899;D Addario S/G Acc. EJ-10 X-Lite;1;2022-07-21
272;BRGP00903;D Addario S/G Reguler EXL-120;1;2022-07-21
273;BRGP00921;Centurion CLED 543X RGBW;9;2022-07-21
274;BRGP00903;D Addario S/G Reguler EXL-120;4;2022-07-23
275;BRGP01809;Srexact Jack Akai Mono SP102X-POG;1;2022-07-23
276;BRGP01809;Srexact Jack Akai Mono SP102X-POG;2;2022-07-25
277;BRGP00899;D Addario S/G Acc. EJ-10 X-Lite;1;2022-07-26
278;BRGP01621;SREXACT Jack RCA SP116G-C81-BK;1;2022-07-26
279;BRGP01623;SREXACT Jack Male SVP555V-BK-PG;10;2022-07-27
280;BRGP00843;Focus Jack Mic Male GCA 700/N3P;2;2022-07-28
281;BRGP01621;SREXACT Jack RCA SP116G-C81-BK;8;2022-07-28
282;BRGP00843;Focus Jack Mic Male GCA 700/N3P;5;2022-08-03
283;BRGP01621;SREXACT Jack RCA SP116G-C81-BK;2;2022-08-03
284;BRGP01809;Srexact Jack Akai Mono SP102X-POG;2;2022-08-03
285;BRGP01621;SREXACT Jack RCA SP116G-C81-BK;4;2022-08-04
286;BRGP00903;D Addario S/G Reguler EXL-120;1;2022-08-05
287;BRGP01623;SREXACT Jack Male SVP555V-BK-PG;2;2022-08-05
288;BRGP00020;Neutrik Jack NC3FXX;4;2022-08-06
289;BRGP00021;Neutrik Jack NC3MXX;4;2022-08-06
290;BRGP00903;D Addario S/G Reguler EXL-120;2;2022-08-06
291;BRGP01621;SREXACT Jack RCA SP116G-C81-BK;2;2022-08-06
292;BRGP01623;SREXACT Jack Male SVP555V-BK-PG;4;2022-08-06
293;BRGP00903;D Addario S/G Reguler EXL-120;1;2022-08-08
294;BRGP00921;Centurion CLED 543X RGBW;5;2022-08-09
295;BRGP01623;SREXACT Jack Male SVP555V-BK-PG;4;2022-08-09
296;BRGP00899;D Addario S/G Acc. EJ-10 X-Lite;1;2022-08-11
297;BRGP01623;SREXACT Jack Male SVP555V-BK-PG;4;2022-08-11
298;BRGP01809;Srexact Jack Akai Mono SP102X-POG;1;2022-08-11
299;BRGP00843;Focus Jack Mic Male GCA 700/N3P;1;2022-08-12
300;BRGP00899;D Addario S/G Acc. EJ-10 X-Lite;4;2022-08-12
301;BRGP01621;SREXACT Jack RCA SP116G-C81-BK;1;2022-08-12
302;BRGP01621;SREXACT Jack RCA SP116G-C81-BK;2;2022-08-13
303;BRGP00921;Centurion CLED 543X RGBW;6;2022-08-15
304;BRGP01621;SREXACT Jack RCA SP116G-C81-BK;2;2022-08-16
305;BRGP01809;Srexact Jack Akai Mono SP102X-POG;2;2022-08-16
306;BRGP00903;D Addario S/G Reguler EXL-120;1;2022-08-18
307;BRGP01811;Srexact Jack Stereo Mini SP110AM-G-C81-BK;1;2022-08-18
308;BRGP00843;Focus Jack Mic Male GCA 700/N3P;2;2022-08-19
309;BRGP01811;Srexact Jack Stereo Mini SP110AM-G-C81-BK;1;2022-08-19
310;BRGP01623;SREXACT Jack Male SVP555V-BK-PG;3;2022-08-20
311;BRGP01623;SREXACT Jack Male SVP555V-BK-PG;29;2022-08-23
312;BRGP01809;Srexact Jack Akai Mono SP102X-POG;10;2022-08-23
313;BRGP00899;D Addario S/G Acc. EJ-10 X-Lite;1;2022-08-24
314;BRGP01623;SREXACT Jack Male SVP555V-BK-PG;9;2022-08-24
315;BRGP01809;Srexact Jack Akai Mono SP102X-POG;4;2022-08-24
316;BRGP01811;Srexact Jack Stereo Mini SP110AM-G-C81-BK;1;2022-08-24
317;BRGP01809;Srexact Jack Akai Mono SP102X-POG;1;2022-08-25
318;BRGP00682;Krezt Jack Speakon TSC-033;2;2022-08-27
319;BRGP01623;SREXACT Jack Male SVP555V-BK-PG;10;2022-08-29
320;BRGP01811;Srexact Jack Stereo Mini SP110AM-G-C81-BK;1;2022-08-29
321;BRGP01621;SREXACT Jack RCA SP116G-C81-BK;8;2022-08-31
322;BRGP01809;Srexact Jack Akai Mono SP102X-POG;9;2022-08-31
323;BRGP00899;D Addario S/G Acc. EJ-10 X-Lite;1;2022-09-01
324;BRGP01809;Srexact Jack Akai Mono SP102X-POG;4;2022-09-01
325;BRGP00020;Neutrik Jack NC3FXX;4;2022-09-02
326;BRGP00021;Neutrik Jack NC3MXX;4;2022-09-02
327;BRGP00921;Centurion CLED 543X RGBW;1;2022-09-02
328;BRGP00903;D Addario S/G Reguler EXL-120;3;2022-09-03
329;BRGP00682;Krezt Jack Speakon TSC-033;30;2022-09-05
330;BRGP00903;D Addario S/G Reguler EXL-120;1;2022-09-06
331;BRGP01623;SREXACT Jack Male SVP555V-BK-PG;2;2022-09-06
332;BRGP00899;D Addario S/G Acc. EJ-10 X-Lite;1;2022-09-07
333;BRGP01809;Srexact Jack Akai Mono SP102X-POG;1;2022-09-07
334;BRGP00899;D Addario S/G Acc. EJ-10 X-Lite;1;2022-09-08
335;BRGP00903;D Addario S/G Reguler EXL-120;2;2022-09-09
336;BRGP00921;Centurion CLED 543X RGBW;5;2022-09-09
337;BRGP01621;SREXACT Jack RCA SP116G-C81-BK;1;2022-09-09
338;BRGP01809;Srexact Jack Akai Mono SP102X-POG;2;2022-09-09
339;BRGP00682;Krezt Jack Speakon TSC-033;2;2022-09-10
340;BRGP01809;Srexact Jack Akai Mono SP102X-POG;2;2022-09-10
341;BRGP01811;Srexact Jack Stereo Mini SP110AM-G-C81-BK;1;2022-09-10
342;BRGP00899;D Addario S/G Acc. EJ-10 X-Lite;1;2022-09-12
343;BRGP01621;SREXACT Jack RCA SP116G-C81-BK;2;2022-09-13
344;BRGP01623;SREXACT Jack Male SVP555V-BK-PG;2;2022-09-13
345;BRGP01809;Srexact Jack Akai Mono SP102X-POG;2;2022-09-13
346;BRGP01809;Srexact Jack Akai Mono SP102X-POG;1;2022-09-14
347;BRGP00899;D Addario S/G Acc. EJ-10 X-Lite;1;2022-09-15
348;BRGP01623;SREXACT Jack Male SVP555V-BK-PG;13;2022-09-15
349;BRGP01809;Srexact Jack Akai Mono SP102X-POG;2;2022-09-15
350;BRGP00903;D Addario S/G Reguler EXL-120;3;2022-09-16
351;BRGP01809;Srexact Jack Akai Mono SP102X-POG;3;2022-09-16
352;BRGP01621;SREXACT Jack RCA SP116G-C81-BK;2;2022-09-17
353;BRGP01809;Srexact Jack Akai Mono SP102X-POG;4;2022-09-17
354;BRGP00843;Focus Jack Mic Male GCA 700/N3P;3;2022-09-21
355;BRGP01809;Srexact Jack Akai Mono SP102X-POG;2;2022-09-21
356;BRGP01621;SREXACT Jack RCA SP116G-C81-BK;6;2022-09-22
357;BRGP01809;Srexact Jack Akai Mono SP102X-POG;2;2022-09-22
358;BRGP00682;Krezt Jack Speakon TSC-033;4;2022-09-23
359;BRGP01621;SREXACT Jack RCA SP116G-C81-BK;20;2022-09-23
360;BRGP01809;Srexact Jack Akai Mono SP102X-POG;3;2022-09-23
361;BRGP01621;SREXACT Jack RCA SP116G-C81-BK;2;2022-09-24
362;BRGP01621;SREXACT Jack RCA SP116G-C81-BK;3;2022-09-26
363;BRGP00682;Krezt Jack Speakon TSC-033;4;2022-09-30
364;BRGP01811;Srexact Jack Stereo Mini SP110AM-G-C81-BK;1;2022-09-30
365;BRGP00682;Krezt Jack Speakon TSC-033;0;2022-10-01
366;BRGP00899;D Addario S/G Acc. EJ-10 X-Lite;0;2022-10-01
367;BRGP01621;SREXACT Jack RCA SP116G-C81-BK;2;2022-10-01
368;BRGP01809;Srexact Jack Akai Mono SP102X-POG;4;2022-10-05
369;BRGP00020;Neutrik Jack NC3FXX;15;2022-10-07
370;BRGP00021;Neutrik Jack NC3MXX;15;2022-10-07
371;BRGP01811;Srexact Jack Stereo Mini SP110AM-G-C81-BK;3;2022-10-07
372;BRGP00020;Neutrik Jack NC3FXX;2;2022-10-10
373;BRGP00021;Neutrik Jack NC3MXX;2;2022-10-10
374;BRGP01809;Srexact Jack Akai Mono SP102X-POG;2;2022-10-10
375;BRGP01811;Srexact Jack Stereo Mini SP110AM-G-C81-BK;4;2022-10-10
376;BRGP00021;Neutrik Jack NC3MXX;20;2022-10-11
377;BRGP00903;D Addario S/G Reguler EXL-120;1;2022-10-11
378;BRGP01809;Srexact Jack Akai Mono SP102X-POG;6;2022-10-12
379;BRGP00020;Neutrik Jack NC3FXX;3;2022-10-14
380;BRGP00021;Neutrik Jack NC3MXX;1;2022-10-14
381;BRGP01809;Srexact Jack Akai Mono SP102X-POG;2;2022-10-14
382;BRGP00021;Neutrik Jack NC3MXX;1;2022-10-15
383;BRGP00921;Centurion CLED 543X RGBW;4;2022-10-15
384;BRGP01809;Srexact Jack Akai Mono SP102X-POG;2;2022-10-15
385;BRGP01811;Srexact Jack Stereo Mini SP110AM-G-C81-BK;1;2022-10-15
386;BRGP00020;Neutrik Jack NC3FXX;1;2022-10-17
387;BRGP00021;Neutrik Jack NC3MXX;1;2022-10-17
388;BRGP00843;Focus Jack Mic Male GCA 700/N3P;1;2022-10-18
389;BRGP00843;Focus Jack Mic Male GCA 700/N3P;7;2022-10-20
390;BRGP00921;Centurion CLED 543X RGBW;8;2022-10-20
391;BRGP01623;SREXACT Jack Male SVP555V-BK-PG;2;2022-10-20
392;BRGP01809;Srexact Jack Akai Mono SP102X-POG;14;2022-10-20
393;BRGP00843;Focus Jack Mic Male GCA 700/N3P;5;2022-10-21
394;BRGP00020;Neutrik Jack NC3FXX;5;2022-10-24
395;BRGP00021;Neutrik Jack NC3MXX;5;2022-10-24
396;BRGP00020;Neutrik Jack NC3FXX;12;2022-10-25
397;BRGP00021;Neutrik Jack NC3MXX;10;2022-10-25
398;BRGP01809;Srexact Jack Akai Mono SP102X-POG;8;2022-10-25
399;BRGP00020;Neutrik Jack NC3FXX;3;2022-10-26
400;BRGP00021;Neutrik Jack NC3MXX;1;2022-10-26
401;BRGP00020;Neutrik Jack NC3FXX;3;2022-10-27
402;BRGP00021;Neutrik Jack NC3MXX;3;2022-10-27
403;BRGP00020;Neutrik Jack NC3FXX;10;2022-10-28
404;BRGP00021;Neutrik Jack NC3MXX;10;2022-10-28
405;BRGP00020;Neutrik Jack NC3FXX;2;2022-10-29
406;BRGP00021;Neutrik Jack NC3MXX;2;2022-10-29
407;BRGP01809;Srexact Jack Akai Mono SP102X-POG;2;2022-10-29
408;BRGP00020;Neutrik Jack NC3FXX;4;2022-11-01
409;BRGP00021;Neutrik Jack NC3MXX;4;2022-11-01
410;BRGP00899;D Addario S/G Acc. EJ-10 X-Lite;0;2022-11-01
411;BRGP00903;D Addario S/G Reguler EXL-120;0;2022-11-01
412;BRGP01623;SREXACT Jack Male SVP555V-BK-PG;0;2022-11-01
413;BRGP01811;Srexact Jack Stereo Mini SP110AM-G-C81-BK;1;2022-11-02
414;BRGP00020;Neutrik Jack NC3FXX;1;2022-11-03
415;BRGP00021;Neutrik Jack NC3MXX;1;2022-11-03
416;BRGP01809;Srexact Jack Akai Mono SP102X-POG;1;2022-11-04
417;BRGP01811;Srexact Jack Stereo Mini SP110AM-G-C81-BK;1;2022-11-04
418;BRGP01621;SREXACT Jack RCA SP116G-C81-BK;2;2022-11-09
419;BRGP00843;Focus Jack Mic Male GCA 700/N3P;1;2022-11-10
420;BRGP00843;Focus Jack Mic Male GCA 700/N3P;10;2022-11-11
421;BRGP01809;Srexact Jack Akai Mono SP102X-POG;1;2022-11-12
422;BRGP01809;Srexact Jack Akai Mono SP102X-POG;1;2022-11-14
423;BRGP00921;Centurion CLED 543X RGBW;2;2022-11-16
424;BRGP00921;Centurion CLED 543X RGBW;12;2022-11-18
425;BRGP00921;Centurion CLED 543X RGBW;7;2022-11-22
426;BRGP00843;Focus Jack Mic Male GCA 700/N3P;1;2022-11-25
427;BRGP01809;Srexact Jack Akai Mono SP102X-POG;2;2022-11-25
428;BRGP01809;Srexact Jack Akai Mono SP102X-POG;3;2022-11-26
429;BRGP01621;SREXACT Jack RCA SP116G-C81-BK;2;2022-11-29
430;BRGP00682;Krezt Jack Speakon TSC-033;2;2022-11-30
431;BRGP00843;Focus Jack Mic Male GCA 700/N3P;2;2022-11-30
432;BRGP01621;SREXACT Jack RCA SP116G-C81-BK;2;2022-11-30
433;BRGP01809;Srexact Jack Akai Mono SP102X-POG;7;2022-11-30
434;BRGP00921;Centurion CLED 543X RGBW;3;2022-12-01
435;BRGP01621;SREXACT Jack RCA SP116G-C81-BK;4;2022-12-01
436;BRGP01809;Srexact Jack Akai Mono SP102X-POG;1;2022-12-01
437;BRGP00843;Focus Jack Mic Male GCA 700/N3P;3;2022-12-02
438;BRGP01623;SREXACT Jack Male SVP555V-BK-PG;7;2022-12-05
439;BRGP01809;Srexact Jack Akai Mono SP102X-POG;2;2022-12-05
440;BRGP01809;Srexact Jack Akai Mono SP102X-POG;2;2022-12-06
441;BRGP00921;Centurion CLED 543X RGBW;5;2022-12-07
442;BRGP00921;Centurion CLED 543X RGBW;3;2022-12-08
443;BRGP01621;SREXACT Jack RCA SP116G-C81-BK;4;2022-12-09
444;BRGP01811;Srexact Jack Stereo Mini SP110AM-G-C81-BK;3;2022-12-09
445;BRGP00921;Centurion CLED 543X RGBW;10;2022-12-10
446;BRGP00682;Krezt Jack Speakon TSC-033;6;2022-12-13
447;BRGP01811;Srexact Jack Stereo Mini SP110AM-G-C81-BK;12;2022-12-13
448;BRGP01811;Srexact Jack Stereo Mini SP110AM-G-C81-BK;2;2022-12-14
449;BRGP00020;Neutrik Jack NC3FXX;2;2022-12-15
450;BRGP00021;Neutrik Jack NC3MXX;2;2022-12-15
451;BRGP00843;Focus Jack Mic Male GCA 700/N3P;1;2022-12-15
452;BRGP01811;Srexact Jack Stereo Mini SP110AM-G-C81-BK;9;2022-12-15
453;BRGP00899;D Addario S/G Acc. EJ-10 X-Lite;1;2022-12-16
454;BRGP01811;Srexact Jack Stereo Mini SP110AM-G-C81-BK;11;2022-12-16
455;BRGP00682;Krezt Jack Speakon TSC-033;6;2022-12-17
456;BRGP01621;SREXACT Jack RCA SP116G-C81-BK;2;2022-12-17
457;BRGP01621;SREXACT Jack RCA SP116G-C81-BK;2;2022-12-19
458;BRGP01623;SREXACT Jack Male SVP555V-BK-PG;2;2022-12-19
459;BRGP01811;Srexact Jack Stereo Mini SP110AM-G-C81-BK;4;2022-12-19
460;BRGP00899;D Addario S/G Acc. EJ-10 X-Lite;1;2022-12-20
461;BRGP00903;D Addario S/G Reguler EXL-120;2;2022-12-20
462;BRGP01621;SREXACT Jack RCA SP116G-C81-BK;4;2022-12-20
463;BRGP01811;Srexact Jack Stereo Mini SP110AM-G-C81-BK;14;2022-12-20
464;BRGP00843;Focus Jack Mic Male GCA 700/N3P;10;2022-12-21
465;BRGP00899;D Addario S/G Acc. EJ-10 X-Lite;4;2022-12-21
466;BRGP01811;Srexact Jack Stereo Mini SP110AM-G-C81-BK;10;2022-12-21
467;BRGP00903;D Addario S/G Reguler EXL-120;1;2022-12-22
468;BRGP00899;D Addario S/G Acc. EJ-10 X-Lite;1;2022-12-23
469;BRGP01811;Srexact Jack Stereo Mini SP110AM-G-C81-BK;4;2022-12-24
470;BRGP00903;D Addario S/G Reguler EXL-120;1;2022-12-26
471;BRGP00843;Focus Jack Mic Male GCA 700/N3P;2;2022-12-27
472;BRGP01811;Srexact Jack Stereo Mini SP110AM-G-C81-BK;1;2022-12-28
473;BRGP00843;Focus Jack Mic Male GCA 700/N3P;2;2022-12-29
474;BRGP00899;D Addario S/G Acc. EJ-10 X-Lite;1;2022-12-29
475;BRGP01811;Srexact Jack Stereo Mini SP110AM-G-C81-BK;1;2022-12-29
476;BRGP00903;D Addario S/G Reguler EXL-120;1;2022-12-30
477;BRGP01811;Srexact Jack Stereo Mini SP110AM-G-C81-BK;3;2022-12-30
478;BRGP01811;Srexact Jack Stereo Mini SP110AM-G-C81-BK;1;2022-12-31
479;BRGP00682;Krezt Jack Speakon TSC-033;0;2023-01-01
480;BRGP01623;SREXACT Jack Male SVP555V-BK-PG;0;2023-01-01
481;BRGP00843;Focus Jack Mic Male GCA 700/N3P;5;2023-01-03
482;BRGP00903;D Addario S/G Reguler EXL-120;2;2023-01-03
483;BRGP01809;Srexact Jack Akai Mono SP102X-POG;1;2023-01-03
484;BRGP00899;D Addario S/G Acc. EJ-10 X-Lite;1;2023-01-04
485;BRGP00903;D Addario S/G Reguler EXL-120;1;2023-01-04
486;BRGP01809;Srexact Jack Akai Mono SP102X-POG;1;2023-01-04
487;BRGP00899;D Addario S/G Acc. EJ-10 X-Lite;1;2023-01-05
488;BRGP01809;Srexact Jack Akai Mono SP102X-POG;8;2023-01-05
489;BRGP01811;Srexact Jack Stereo Mini SP110AM-G-C81-BK;1;2023-01-05
490;BRGP00921;Centurion CLED 543X RGBW;2;2023-01-06
491;BRGP01621;SREXACT Jack RCA SP116G-C81-BK;2;2023-01-10
492;BRGP01621;SREXACT Jack RCA SP116G-C81-BK;2;2023-01-11
493;BRGP01621;SREXACT Jack RCA SP116G-C81-BK;2;2023-01-16
494;BRGP00020;Neutrik Jack NC3FXX;2;2023-01-17
495;BRGP01809;Srexact Jack Akai Mono SP102X-POG;8;2023-01-17
496;BRGP00020;Neutrik Jack NC3FXX;2;2023-01-18
497;BRGP00843;Focus Jack Mic Male GCA 700/N3P;2;2023-01-18
498;BRGP01809;Srexact Jack Akai Mono SP102X-POG;6;2023-01-18
499;BRGP00020;Neutrik Jack NC3FXX;4;2023-01-19
500;BRGP01621;SREXACT Jack RCA SP116G-C81-BK;2;2023-01-20
501;BRGP01809;Srexact Jack Akai Mono SP102X-POG;2;2023-01-20
502;BRGP01811;Srexact Jack Stereo Mini SP110AM-G-C81-BK;1;2023-01-20
503;BRGP00020;Neutrik Jack NC3FXX;3;2023-01-21
504;BRGP01621;SREXACT Jack RCA SP116G-C81-BK;4;2023-01-23
505;BRGP00020;Neutrik Jack NC3FXX;4;2023-01-24
506;BRGP00021;Neutrik Jack NC3MXX;8;2023-01-24
507;BRGP01621;SREXACT Jack RCA SP116G-C81-BK;3;2023-01-24
508;BRGP00020;Neutrik Jack NC3FXX;10;2023-01-25
509;BRGP00021;Neutrik Jack NC3MXX;10;2023-01-25
510;BRGP00843;Focus Jack Mic Male GCA 700/N3P;4;2023-01-25
511;BRGP00020;Neutrik Jack NC3FXX;1;2023-01-26
512;BRGP00021;Neutrik Jack NC3MXX;1;2023-01-26
513;BRGP00020;Neutrik Jack NC3FXX;3;2023-01-27
514;BRGP00021;Neutrik Jack NC3MXX;3;2023-01-27
515;BRGP00903;D Addario S/G Reguler EXL-120;1;2023-01-27
516;BRGP00020;Neutrik Jack NC3FXX;2;2023-01-31
517;BRGP00021;Neutrik Jack NC3MXX;2;2023-01-31
518;BRGP00020;Neutrik Jack NC3FXX;0;2023-02-01
519;BRGP00021;Neutrik Jack NC3MXX;2;2023-02-01
520;BRGP00899;D Addario S/G Acc. EJ-10 X-Lite;0;2023-02-01
521;BRGP00903;D Addario S/G Reguler EXL-120;0;2023-02-01
522;BRGP00921;Centurion CLED 543X RGBW;0;2023-02-01
523;BRGP01623;SREXACT Jack Male SVP555V-BK-PG;0;2023-02-01
524;BRGP01809;Srexact Jack Akai Mono SP102X-POG;4;2023-02-02
525;BRGP01811;Srexact Jack Stereo Mini SP110AM-G-C81-BK;1;2023-02-02
526;BRGP01809;Srexact Jack Akai Mono SP102X-POG;2;2023-02-03
527;BRGP01809;Srexact Jack Akai Mono SP102X-POG;2;2023-02-04
528;BRGP01621;SREXACT Jack RCA SP116G-C81-BK;1;2023-02-06
529;BRGP01809;Srexact Jack Akai Mono SP102X-POG;1;2023-02-06
530;BRGP00843;Focus Jack Mic Male GCA 700/N3P;2;2023-02-07
531;BRGP01809;Srexact Jack Akai Mono SP102X-POG;2;2023-02-07
532;BRGP01621;SREXACT Jack RCA SP116G-C81-BK;1;2023-02-08
533;BRGP01809;Srexact Jack Akai Mono SP102X-POG;2;2023-02-08
534;BRGP01621;SREXACT Jack RCA SP116G-C81-BK;2;2023-02-11
535;BRGP00682;Krezt Jack Speakon TSC-033;6;2023-02-13
536;BRGP01809;Srexact Jack Akai Mono SP102X-POG;1;2023-02-13
537;BRGP01621;SREXACT Jack RCA SP116G-C81-BK;4;2023-02-15
538;BRGP01809;Srexact Jack Akai Mono SP102X-POG;1;2023-02-15
539;BRGP01809;Srexact Jack Akai Mono SP102X-POG;1;2023-02-17
540;BRGP01621;SREXACT Jack RCA SP116G-C81-BK;2;2023-02-20
541;BRGP01809;Srexact Jack Akai Mono SP102X-POG;2;2023-02-20
542;BRGP01809;Srexact Jack Akai Mono SP102X-POG;1;2023-02-21
543;BRGP01809;Srexact Jack Akai Mono SP102X-POG;1;2023-02-23
544;BRGP01809;Srexact Jack Akai Mono SP102X-POG;1;2023-02-28
545;BRGP00020;Neutrik Jack NC3FXX;0;2023-03-01
546;BRGP00021;Neutrik Jack NC3MXX;0;2023-03-01
547;BRGP00843;Focus Jack Mic Male GCA 700/N3P;0;2023-03-01
548;BRGP00899;D Addario S/G Acc. EJ-10 X-Lite;0;2023-03-01
549;BRGP00903;D Addario S/G Reguler EXL-120;0;2023-03-01
550;BRGP00921;Centurion CLED 543X RGBW;0;2023-03-01
551;BRGP01623;SREXACT Jack Male SVP555V-BK-PG;0;2023-03-01
552;BRGP00682;Krezt Jack Speakon TSC-033;1;2023-03-02
553;BRGP01621;SREXACT Jack RCA SP116G-C81-BK;3;2023-03-03
554;BRGP01809;Srexact Jack Akai Mono SP102X-POG;1;2023-03-03
555;BRGP01811;Srexact Jack Stereo Mini SP110AM-G-C81-BK;2;2023-03-10
556;BRGP01809;Srexact Jack Akai Mono SP102X-POG;10;2023-03-11
557;BRGP01809;Srexact Jack Akai Mono SP102X-POG;2;2023-03-13
558;BRGP01621;SREXACT Jack RCA SP116G-C81-BK;2;2023-03-14
559;BRGP01809;Srexact Jack Akai Mono SP102X-POG;4;2023-03-14
560;BRGP01809;Srexact Jack Akai Mono SP102X-POG;1;2023-03-15
561;BRGP01621;SREXACT Jack RCA SP116G-C81-BK;1;2023-03-17
562;BRGP01621;SREXACT Jack RCA SP116G-C81-BK;2;2023-03-18
563;BRGP01809;Srexact Jack Akai Mono SP102X-POG;1;2023-03-20
564;BRGP01809;Srexact Jack Akai Mono SP102X-POG;2;2023-03-21
565;BRGP01621;SREXACT Jack RCA SP116G-C81-BK;4;2023-03-25
566;BRGP01809;Srexact Jack Akai Mono SP102X-POG;1;2023-03-25
567;BRGP01621;SREXACT Jack RCA SP116G-C81-BK;6;2023-03-27
568;BRGP01809;Srexact Jack Akai Mono SP102X-POG;1;2023-03-29
569;BRGP00020;Neutrik Jack NC3FXX;0;2023-04-01
570;BRGP00021;Neutrik Jack NC3MXX;0;2023-04-01
571;BRGP00843;Focus Jack Mic Male GCA 700/N3P;0;2023-04-01
572;BRGP00899;D Addario S/G Acc. EJ-10 X-Lite;0;2023-04-01
573;BRGP00903;D Addario S/G Reguler EXL-120;0;2023-04-01
574;BRGP00921;Centurion CLED 543X RGBW;4;2023-04-01
575;BRGP01623;SREXACT Jack Male SVP555V-BK-PG;0;2023-04-01
576;BRGP01809;Srexact Jack Akai Mono SP102X-POG;2;2023-04-04
577;BRGP01809;Srexact Jack Akai Mono SP102X-POG;8;2023-04-05
578;BRGP01809;Srexact Jack Akai Mono SP102X-POG;5;2023-04-06
579;BRGP00682;Krezt Jack Speakon TSC-033;4;2023-04-08
580;BRGP01621;SREXACT Jack RCA SP116G-C81-BK;2;2023-04-08
581;BRGP01811;Srexact Jack Stereo Mini SP110AM-G-C81-BK;1;2023-04-08
582;BRGP01809;Srexact Jack Akai Mono SP102X-POG;2;2023-04-10
583;BRGP01621;SREXACT Jack RCA SP116G-C81-BK;2;2023-04-11
584;BRGP01809;Srexact Jack Akai Mono SP102X-POG;2;2023-04-11
585;BRGP01621;SREXACT Jack RCA SP116G-C81-BK;18;2023-04-14
586;BRGP01621;SREXACT Jack RCA SP116G-C81-BK;2;2023-04-18
587;BRGP01809;Srexact Jack Akai Mono SP102X-POG;3;2023-04-20
588;BRGP01811;Srexact Jack Stereo Mini SP110AM-G-C81-BK;1;2023-04-20
589;BRGP00020;Neutrik Jack NC3FXX;0;2023-05-01
590;BRGP00021;Neutrik Jack NC3MXX;0;2023-05-01
591;BRGP00682;Krezt Jack Speakon TSC-033;0;2023-05-01
592;BRGP00843;Focus Jack Mic Male GCA 700/N3P;0;2023-05-01
593;BRGP00899;D Addario S/G Acc. EJ-10 X-Lite;0;2023-05-01
594;BRGP00903;D Addario S/G Reguler EXL-120;0;2023-05-01
595;BRGP00921;Centurion CLED 543X RGBW;1;2023-05-02
596;BRGP01809;Srexact Jack Akai Mono SP102X-POG;2;2023-05-02
597;BRGP01621;SREXACT Jack RCA SP116G-C81-BK;10;2023-05-08
598;BRGP01621;SREXACT Jack RCA SP116G-C81-BK;2;2023-05-10
599;BRGP01809;Srexact Jack Akai Mono SP102X-POG;2;2023-05-12
600;BRGP01811;Srexact Jack Stereo Mini SP110AM-G-C81-BK;1;2023-05-15
601;BRGP01809;Srexact Jack Akai Mono SP102X-POG;2;2023-05-17
602;BRGP01811;Srexact Jack Stereo Mini SP110AM-G-C81-BK;2;2023-05-17
603;BRGP01809;Srexact Jack Akai Mono SP102X-POG;2;2023-05-20
604;BRGP01809;Srexact Jack Akai Mono SP102X-POG;2;2023-05-23
605;BRGP01621;SREXACT Jack RCA SP116G-C81-BK;2;2023-05-26
606;BRGP01809;Srexact Jack Akai Mono SP102X-POG;5;2023-05-27
607;BRGP01621;SREXACT Jack RCA SP116G-C81-BK;2;2023-05-29
608;BRGP01809;Srexact Jack Akai Mono SP102X-POG;1;2023-05-29
609;BRGP01811;Srexact Jack Stereo Mini SP110AM-G-C81-BK;1;2023-05-30
610;BRGP01621;SREXACT Jack RCA SP116G-C81-BK;6;2023-05-31
611;BRGP01623;SREXACT Jack Male SVP555V-BK-PG;3;2023-05-31
612;BRGP01809;Srexact Jack Akai Mono SP102X-POG;2;2023-05-31
613;BRGP00020;Neutrik Jack NC3FXX;0;2023-06-01
614;BRGP00021;Neutrik Jack NC3MXX;0;2023-06-01
615;BRGP00682;Krezt Jack Speakon TSC-033;0;2023-06-01
616;BRGP00899;D Addario S/G Acc. EJ-10 X-Lite;0;2023-06-01
617;BRGP00903;D Addario S/G Reguler EXL-120;0;2023-06-01
618;BRGP00843;Focus Jack Mic Male GCA 700/N3P;2;2023-06-02
619;BRGP01621;SREXACT Jack RCA SP116G-C81-BK;6;2023-06-02
620;BRGP01623;SREXACT Jack Male SVP555V-BK-PG;6;2023-06-02
621;BRGP01809;Srexact Jack Akai Mono SP102X-POG;1;2023-06-02
622;BRGP00921;Centurion CLED 543X RGBW;1;2023-06-03
623;BRGP01623;SREXACT Jack Male SVP555V-BK-PG;42;2023-06-05
624;BRGP01809;Srexact Jack Akai Mono SP102X-POG;1;2023-06-05
625;BRGP01811;Srexact Jack Stereo Mini SP110AM-G-C81-BK;4;2023-06-05
626;BRGP01809;Srexact Jack Akai Mono SP102X-POG;1;2023-06-06
627;BRGP01809;Srexact Jack Akai Mono SP102X-POG;2;2023-06-07
628;BRGP01623;SREXACT Jack Male SVP555V-BK-PG;1;2023-06-08
629;BRGP01623;SREXACT Jack Male SVP555V-BK-PG;4;2023-06-12
630;BRGP01809;Srexact Jack Akai Mono SP102X-POG;2;2023-06-12
631;BRGP01621;SREXACT Jack RCA SP116G-C81-BK;2;2023-06-14
632;BRGP01811;Srexact Jack Stereo Mini SP110AM-G-C81-BK;1;2023-06-14
633;BRGP01809;Srexact Jack Akai Mono SP102X-POG;1;2023-06-19
634;BRGP01811;Srexact Jack Stereo Mini SP110AM-G-C81-BK;1;2023-06-19
635;BRGP01811;Srexact Jack Stereo Mini SP110AM-G-C81-BK;1;2023-06-20
636;BRGP01621;SREXACT Jack RCA SP116G-C81-BK;2;2023-06-21
637;BRGP01809;Srexact Jack Akai Mono SP102X-POG;1;2023-06-21
638;BRGP01809;Srexact Jack Akai Mono SP102X-POG;20;2023-06-22
639;BRGP01809;Srexact Jack Akai Mono SP102X-POG;1;2023-06-23
640;BRGP01621;SREXACT Jack RCA SP116G-C81-BK;2;2023-06-24
641;BRGP01809;Srexact Jack Akai Mono SP102X-POG;2;2023-06-24
642;BRGP01811;Srexact Jack Stereo Mini SP110AM-G-C81-BK;1;2023-06-26
643;BRGP01621;SREXACT Jack RCA SP116G-C81-BK;4;2023-06-28
644;BRGP00020;Neutrik Jack NC3FXX;0;2023-07-01
645;BRGP00682;Krezt Jack Speakon TSC-033;0;2023-07-01
646;BRGP00843;Focus Jack Mic Male GCA 700/N3P;0;2023-07-01
647;BRGP00899;D Addario S/G Acc. EJ-10 X-Lite;0;2023-07-01
648;BRGP00903;D Addario S/G Reguler EXL-120;0;2023-07-01
649;BRGP00921;Centurion CLED 543X RGBW;0;2023-07-01
650;BRGP01621;SREXACT Jack RCA SP116G-C81-BK;0;2023-07-01
651;BRGP01809;Srexact Jack Akai Mono SP102X-POG;2;2023-07-01
652;BRGP01809;Srexact Jack Akai Mono SP102X-POG;1;2023-07-04
653;BRGP01809;Srexact Jack Akai Mono SP102X-POG;1;2023-07-05
654;BRGP00021;Neutrik Jack NC3MXX;1;2023-07-10
655;BRGP01623;SREXACT Jack Male SVP555V-BK-PG;2;2023-07-10
656;BRGP00021;Neutrik Jack NC3MXX;4;2023-07-12
657;BRGP01811;Srexact Jack Stereo Mini SP110AM-G-C81-BK;2;2023-07-12
658;BRGP01809;Srexact Jack Akai Mono SP102X-POG;1;2023-07-13
659;BRGP00021;Neutrik Jack NC3MXX;9;2023-07-14
660;BRGP01809;Srexact Jack Akai Mono SP102X-POG;1;2023-07-14
661;BRGP01811;Srexact Jack Stereo Mini SP110AM-G-C81-BK;1;2023-07-14
662;BRGP01809;Srexact Jack Akai Mono SP102X-POG;6;2023-07-15
663;BRGP01811;Srexact Jack Stereo Mini SP110AM-G-C81-BK;1;2023-07-15
664;BRGP01809;Srexact Jack Akai Mono SP102X-POG;1;2023-07-17
665;BRGP01809;Srexact Jack Akai Mono SP102X-POG;2;2023-07-20
666;BRGP01623;SREXACT Jack Male SVP555V-BK-PG;10;2023-07-22
667;BRGP01809;Srexact Jack Akai Mono SP102X-POG;6;2023-07-22
668;BRGP01811;Srexact Jack Stereo Mini SP110AM-G-C81-BK;2;2023-07-22
669;BRGP01623;SREXACT Jack Male SVP555V-BK-PG;2;2023-07-25
670;BRGP01809;Srexact Jack Akai Mono SP102X-POG;4;2023-07-25
671;BRGP00021;Neutrik Jack NC3MXX;3;2023-07-26
672;BRGP01623;SREXACT Jack Male SVP555V-BK-PG;1;2023-07-26
673;BRGP01809;Srexact Jack Akai Mono SP102X-POG;3;2023-07-27
674;BRGP01623;SREXACT Jack Male SVP555V-BK-PG;4;2023-07-28
675;BRGP01809;Srexact Jack Akai Mono SP102X-POG;2;2023-07-29
676;BRGP00682;Krezt Jack Speakon TSC-033;0;2023-08-01
677;BRGP00843;Focus Jack Mic Male GCA 700/N3P;0;2023-08-01
678;BRGP00899;D Addario S/G Acc. EJ-10 X-Lite;0;2023-08-01
679;BRGP00903;D Addario S/G Reguler EXL-120;0;2023-08-01
680;BRGP01623;SREXACT Jack Male SVP555V-BK-PG;3;2023-08-02
681;BRGP01809;Srexact Jack Akai Mono SP102X-POG;3;2023-08-03
682;BRGP01809;Srexact Jack Akai Mono SP102X-POG;2;2023-08-05
683;BRGP01811;Srexact Jack Stereo Mini SP110AM-G-C81-BK;1;2023-08-05
684;BRGP00021;Neutrik Jack NC3MXX;4;2023-08-07
685;BRGP01623;SREXACT Jack Male SVP555V-BK-PG;2;2023-08-07
686;BRGP00020;Neutrik Jack NC3FXX;11;2023-08-08
687;BRGP00021;Neutrik Jack NC3MXX;11;2023-08-08
688;BRGP01809;Srexact Jack Akai Mono SP102X-POG;2;2023-08-08
689;BRGP01623;SREXACT Jack Male SVP555V-BK-PG;3;2023-08-09
690;BRGP01809;Srexact Jack Akai Mono SP102X-POG;4;2023-08-09
691;BRGP01623;SREXACT Jack Male SVP555V-BK-PG;2;2023-08-10
692;BRGP01809;Srexact Jack Akai Mono SP102X-POG;6;2023-08-10
693;BRGP01811;Srexact Jack Stereo Mini SP110AM-G-C81-BK;3;2023-08-10
694;BRGP01623;SREXACT Jack Male SVP555V-BK-PG;4;2023-08-11
695;BRGP01809;Srexact Jack Akai Mono SP102X-POG;9;2023-08-11
696;BRGP01811;Srexact Jack Stereo Mini SP110AM-G-C81-BK;2;2023-08-11
697;BRGP01809;Srexact Jack Akai Mono SP102X-POG;2;2023-08-12
698;BRGP00020;Neutrik Jack NC3FXX;8;2023-08-14
699;BRGP00021;Neutrik Jack NC3MXX;8;2023-08-14
700;BRGP01623;SREXACT Jack Male SVP555V-BK-PG;4;2023-08-14
701;BRGP01809;Srexact Jack Akai Mono SP102X-POG;2;2023-08-14
702;BRGP01811;Srexact Jack Stereo Mini SP110AM-G-C81-BK;1;2023-08-14
703;BRGP00020;Neutrik Jack NC3FXX;2;2023-08-16
704;BRGP00021;Neutrik Jack NC3MXX;2;2023-08-16
705;BRGP00020;Neutrik Jack NC3FXX;3;2023-08-18
706;BRGP00021;Neutrik Jack NC3MXX;1;2023-08-18
707;BRGP01621;SREXACT Jack RCA SP116G-C81-BK;4;2023-08-18
708;BRGP00020;Neutrik Jack NC3FXX;2;2023-08-19
709;BRGP00921;Centurion CLED 543X RGBW;2;2023-08-19
710;BRGP01623;SREXACT Jack Male SVP555V-BK-PG;3;2023-08-21
711;BRGP00921;Centurion CLED 543X RGBW;4;2023-08-24
712;BRGP00020;Neutrik Jack NC3FXX;1;2023-08-25
713;BRGP00021;Neutrik Jack NC3MXX;1;2023-08-25
714;BRGP00020;Neutrik Jack NC3FXX;2;2023-08-28
715;BRGP00021;Neutrik Jack NC3MXX;5;2023-08-28
716;BRGP00020;Neutrik Jack NC3FXX;3;2023-08-29
717;BRGP00021;Neutrik Jack NC3MXX;3;2023-08-29
718;BRGP00020;Neutrik Jack NC3FXX;6;2023-08-30
719;BRGP00021;Neutrik Jack NC3MXX;6;2023-08-30
720;BRGP01811;Srexact Jack Stereo Mini SP110AM-G-C81-BK;2;2023-08-30
721;BRGP00020;Neutrik Jack NC3FXX;1;2023-08-31
722;BRGP00021;Neutrik Jack NC3MXX;1;2023-08-31
723;BRGP00921;Centurion CLED 543X RGBW;6;2023-08-31
724;BRGP01811;Srexact Jack Stereo Mini SP110AM-G-C81-BK;1;2023-08-31
725;BRGP00682;Krezt Jack Speakon TSC-033;0;2023-09-01
726;BRGP00899;D Addario S/G Acc. EJ-10 X-Lite;0;2023-09-01
727;BRGP00903;D Addario S/G Reguler EXL-120;0;2023-09-01
728;BRGP00921;Centurion CLED 543X RGBW;6;2023-09-01
729;BRGP01621;SREXACT Jack RCA SP116G-C81-BK;0;2023-09-01
730;BRGP01809;Srexact Jack Akai Mono SP102X-POG;0;2023-09-01
731;BRGP01811;Srexact Jack Stereo Mini SP110AM-G-C81-BK;2;2023-09-01
732;BRGP01623;SREXACT Jack Male SVP555V-BK-PG;1;2023-09-05
733;BRGP00020;Neutrik Jack NC3FXX;6;2023-09-06
734;BRGP00021;Neutrik Jack NC3MXX;6;2023-09-06
735;BRGP00020;Neutrik Jack NC3FXX;1;2023-09-07
736;BRGP00021;Neutrik Jack NC3MXX;1;2023-09-07
737;BRGP00921;Centurion CLED 543X RGBW;6;2023-09-08
738;BRGP00020;Neutrik Jack NC3FXX;4;2023-09-09
739;BRGP00021;Neutrik Jack NC3MXX;4;2023-09-09
740;BRGP01811;Srexact Jack Stereo Mini SP110AM-G-C81-BK;1;2023-09-09
741;BRGP00020;Neutrik Jack NC3FXX;2;2023-09-11
742;BRGP00021;Neutrik Jack NC3MXX;2;2023-09-11
743;BRGP00020;Neutrik Jack NC3FXX;1;2023-09-12
744;BRGP00021;Neutrik Jack NC3MXX;1;2023-09-12
745;BRGP00020;Neutrik Jack NC3FXX;6;2023-09-14
746;BRGP00021;Neutrik Jack NC3MXX;3;2023-09-14
747;BRGP01811;Srexact Jack Stereo Mini SP110AM-G-C81-BK;1;2023-09-14
748;BRGP00020;Neutrik Jack NC3FXX;5;2023-09-16
749;BRGP00021;Neutrik Jack NC3MXX;5;2023-09-16
750;BRGP00020;Neutrik Jack NC3FXX;6;2023-09-19
751;BRGP00021;Neutrik Jack NC3MXX;6;2023-09-19
752;BRGP00020;Neutrik Jack NC3FXX;14;2023-09-21
753;BRGP00021;Neutrik Jack NC3MXX;14;2023-09-21
754;BRGP00020;Neutrik Jack NC3FXX;1;2023-09-26
755;BRGP00021;Neutrik Jack NC3MXX;1;2023-09-26
756;BRGP01811;Srexact Jack Stereo Mini SP110AM-G-C81-BK;1;2023-09-26
757;BRGP00843;Focus Jack Mic Male GCA 700/N3P;3;2023-09-27
758;BRGP00020;Neutrik Jack NC3FXX;9;2023-09-29
759;BRGP00021;Neutrik Jack NC3MXX;15;2023-09-29
760;BRGP01623;SREXACT Jack Male SVP555V-BK-PG;1;2023-09-29
761;BRGP01811;Srexact Jack Stereo Mini SP110AM-G-C81-BK;5;2023-09-29
762;BRGP00682;Krezt Jack Speakon TSC-033;0;2023-10-01
763;BRGP00843;Focus Jack Mic Male GCA 700/N3P;0;2023-10-01
764;BRGP00899;D Addario S/G Acc. EJ-10 X-Lite;0;2023-10-01
765;BRGP00903;D Addario S/G Reguler EXL-120;0;2023-10-01
766;BRGP01623;SREXACT Jack Male SVP555V-BK-PG;1;2023-10-03
767;BRGP01811;Srexact Jack Stereo Mini SP110AM-G-C81-BK;2;2023-10-04
768;BRGP00020;Neutrik Jack NC3FXX;2;2023-10-06
769;BRGP00021;Neutrik Jack NC3MXX;5;2023-10-06
770;BRGP00020;Neutrik Jack NC3FXX;3;2023-10-11
771;BRGP00021;Neutrik Jack NC3MXX;3;2023-10-11
772;BRGP01811;Srexact Jack Stereo Mini SP110AM-G-C81-BK;2;2023-10-12
773;BRGP00020;Neutrik Jack NC3FXX;1;2023-10-16
774;BRGP00021;Neutrik Jack NC3MXX;1;2023-10-16
775;BRGP00921;Centurion CLED 543X RGBW;5;2023-10-16
776;BRGP01811;Srexact Jack Stereo Mini SP110AM-G-C81-BK;2;2023-10-17
777;BRGP01811;Srexact Jack Stereo Mini SP110AM-G-C81-BK;1;2023-10-18
778;BRGP00020;Neutrik Jack NC3FXX;1;2023-10-20
779;BRGP01811;Srexact Jack Stereo Mini SP110AM-G-C81-BK;2;2023-10-20
780;BRGP01809;Srexact Jack Akai Mono SP102X-POG;3;2023-10-21
781;BRGP00921;Centurion CLED 543X RGBW;1;2023-10-23
782;BRGP01623;SREXACT Jack Male SVP555V-BK-PG;10;2023-10-23
783;BRGP01621;SREXACT Jack RCA SP116G-C81-BK;2;2023-10-26
784;BRGP01811;Srexact Jack Stereo Mini SP110AM-G-C81-BK;1;2023-10-26
785;BRGP01621;SREXACT Jack RCA SP116G-C81-BK;2;2023-10-27
786;BRGP01623;SREXACT Jack Male SVP555V-BK-PG;2;2023-10-28
787;BRGP01621;SREXACT Jack RCA SP116G-C81-BK;2;2023-10-30
788;BRGP00843;Focus Jack Mic Male GCA 700/N3P;0;2023-11-01
789;BRGP00899;D Addario S/G Acc. EJ-10 X-Lite;0;2023-11-01
790;BRGP00903;D Addario S/G Reguler EXL-120;0;2023-11-01
791;BRGP00921;Centurion CLED 543X RGBW;0;2023-11-01
792;BRGP01621;SREXACT Jack RCA SP116G-C81-BK;10;2023-11-03
793;BRGP01623;SREXACT Jack Male SVP555V-BK-PG;3;2023-11-03
794;BRGP01623;SREXACT Jack Male SVP555V-BK-PG;3;2023-11-04
795;BRGP01621;SREXACT Jack RCA SP116G-C81-BK;9;2023-11-06
796;BRGP01623;SREXACT Jack Male SVP555V-BK-PG;2;2023-11-06
797;BRGP01809;Srexact Jack Akai Mono SP102X-POG;8;2023-11-06
798;BRGP01811;Srexact Jack Stereo Mini SP110AM-G-C81-BK;1;2023-11-06
799;BRGP01623;SREXACT Jack Male SVP555V-BK-PG;5;2023-11-07
800;BRGP01809;Srexact Jack Akai Mono SP102X-POG;2;2023-11-10
801;BRGP01621;SREXACT Jack RCA SP116G-C81-BK;8;2023-11-11
802;BRGP01809;Srexact Jack Akai Mono SP102X-POG;1;2023-11-14
803;BRGP01621;SREXACT Jack RCA SP116G-C81-BK;2;2023-11-15
804;BRGP01623;SREXACT Jack Male SVP555V-BK-PG;1;2023-11-15
805;BRGP01809;Srexact Jack Akai Mono SP102X-POG;2;2023-11-15
806;BRGP01809;Srexact Jack Akai Mono SP102X-POG;2;2023-11-18
807;BRGP01811;Srexact Jack Stereo Mini SP110AM-G-C81-BK;1;2023-11-18
808;BRGP01621;SREXACT Jack RCA SP116G-C81-BK;2;2023-11-20
809;BRGP01623;SREXACT Jack Male SVP555V-BK-PG;2;2023-11-21
810;BRGP00682;Krezt Jack Speakon TSC-033;4;2023-11-22
811;BRGP00020;Neutrik Jack NC3FXX;5;2023-11-24
812;BRGP00021;Neutrik Jack NC3MXX;5;2023-11-24
813;BRGP01623;SREXACT Jack Male SVP555V-BK-PG;4;2023-11-24
814;BRGP01809;Srexact Jack Akai Mono SP102X-POG;2;2023-11-27
815;BRGP01809;Srexact Jack Akai Mono SP102X-POG;8;2023-11-28
816;BRGP01621;SREXACT Jack RCA SP116G-C81-BK;8;2023-11-30
817;BRGP01623;SREXACT Jack Male SVP555V-BK-PG;1;2023-11-30
818;BRGP01811;Srexact Jack Stereo Mini SP110AM-G-C81-BK;1;2023-11-30
819;BRGP00020;Neutrik Jack NC3FXX;0;2023-12-01
820;BRGP00682;Krezt Jack Speakon TSC-033;0;2023-12-01
821;BRGP00843;Focus Jack Mic Male GCA 700/N3P;0;2023-12-01
822;BRGP00921;Centurion CLED 543X RGBW;0;2023-12-01
823;BRGP01623;SREXACT Jack Male SVP555V-BK-PG;1;2023-12-01
824;BRGP01809;Srexact Jack Akai Mono SP102X-POG;4;2023-12-01
825;BRGP01623;SREXACT Jack Male SVP555V-BK-PG;1;2023-12-02
826;BRGP01809;Srexact Jack Akai Mono SP102X-POG;4;2023-12-02
827;BRGP01623;SREXACT Jack Male SVP555V-BK-PG;3;2023-12-04
828;BRGP01809;Srexact Jack Akai Mono SP102X-POG;3;2023-12-04
829;BRGP01809;Srexact Jack Akai Mono SP102X-POG;2;2023-12-06
830;BRGP01621;SREXACT Jack RCA SP116G-C81-BK;2;2023-12-12
831;BRGP01621;SREXACT Jack RCA SP116G-C81-BK;4;2023-12-13
832;BRGP01809;Srexact Jack Akai Mono SP102X-POG;2;2023-12-14
833;BRGP01621;SREXACT Jack RCA SP116G-C81-BK;2;2023-12-15
834;BRGP01621;SREXACT Jack RCA SP116G-C81-BK;6;2023-12-16
835;BRGP01809;Srexact Jack Akai Mono SP102X-POG;16;2023-12-16
836;BRGP01623;SREXACT Jack Male SVP555V-BK-PG;4;2023-12-18
837;BRGP01809;Srexact Jack Akai Mono SP102X-POG;2;2023-12-18
838;BRGP01811;Srexact Jack Stereo Mini SP110AM-G-C81-BK;1;2023-12-18
839;BRGP01623;SREXACT Jack Male SVP555V-BK-PG;3;2023-12-20
840;BRGP01809;Srexact Jack Akai Mono SP102X-POG;5;2023-12-20
841;BRGP00899;D Addario S/G Acc. EJ-10 X-Lite;2;2023-12-21
842;BRGP01623;SREXACT Jack Male SVP555V-BK-PG;2;2023-12-21
843;BRGP01623;SREXACT Jack Male SVP555V-BK-PG;6;2023-12-22
844;BRGP00903;D Addario S/G Reguler EXL-120;1;2023-12-23
845;BRGP01809;Srexact Jack Akai Mono SP102X-POG;6;2023-12-23
846;BRGP00899;D Addario S/G Acc. EJ-10 X-Lite;1;2023-12-26
847;BRGP01623;SREXACT Jack Male SVP555V-BK-PG;9;2023-12-26
848;BRGP00899;D Addario S/G Acc. EJ-10 X-Lite;2;2023-12-27
849;BRGP01811;Srexact Jack Stereo Mini SP110AM-G-C81-BK;1;2023-12-27
850;BRGP00021;Neutrik Jack NC3MXX;2;2023-12-28
851;BRGP00899;D Addario S/G Acc. EJ-10 X-Lite;1;2023-12-28
852;BRGP00903;D Addario S/G Reguler EXL-120;1;2023-12-28
853;BRGP01621;SREXACT Jack RCA SP116G-C81-BK;2;2023-12-29
854;BRGP01623;SREXACT Jack Male SVP555V-BK-PG;1;2023-12-30
855;BRGP01809;Srexact Jack Akai Mono SP102X-POG;1;2023-12-30
856;BRGP00020;Neutrik Jack NC3FXX;0;2024-01-01
857;BRGP00021;Neutrik Jack NC3MXX;0;2024-01-01
858;BRGP00682;Krezt Jack Speakon TSC-033;0;2024-01-01
859;BRGP00843;Focus Jack Mic Male GCA 700/N3P;0;2024-01-01
860;BRGP00921;Centurion CLED 543X RGBW;0;2024-01-01
861;BRGP00903;D Addario S/G Reguler EXL-120;1;2024-01-06
862;BRGP01621;SREXACT Jack RCA SP116G-C81-BK;2;2024-01-06
863;BRGP01623;SREXACT Jack Male SVP555V-BK-PG;4;2024-01-06
864;BRGP00899;D Addario S/G Acc. EJ-10 X-Lite;1;2024-01-12
865;BRGP01809;Srexact Jack Akai Mono SP102X-POG;2;2024-01-12
866;BRGP01811;Srexact Jack Stereo Mini SP110AM-G-C81-BK;1;2024-01-12
867;BRGP00899;D Addario S/G Acc. EJ-10 X-Lite;1;2024-01-13
868;BRGP01621;SREXACT Jack RCA SP116G-C81-BK;2;2024-01-13
869;BRGP01621;SREXACT Jack RCA SP116G-C81-BK;2;2024-01-17
870;BRGP01809;Srexact Jack Akai Mono SP102X-POG;2;2024-01-17
