BRGP00020;Neutrik Jack NC3FXX;0;2022-01-01;;
BRGP01811;Srexact Jack Stereo Mini SP110AM-G-C81-BK;0;2022-01-01;;
BRGP00021;Neutrik Jack NC3MXX;1;2022-01-03;;
BRGP00903;D Addario S/G Reguler EXL-120;1;2022-01-03;;
BRGP00021;Neutrik Jack NC3MXX;1;2022-01-04;;
BRGP00843;Focus Jack Mic Male GCA 700/N3P;1;2022-01-05;;
BRGP00899;D Addario S/G Acc. EJ-10 X-Lite;1;2022-01-05;;
BRGP01623;SREXACT Jack Male SVP555V-BK-PG;1;2022-01-05;;
BRGP01809;Srexact Jack Akai Mono SP102X-POG;1;2022-01-05;;
BRGP00021;Neutrik Jack NC3MXX;2;2022-01-06;;
BRGP01809;Srexact Jack Akai Mono SP102X-POG;1;2022-01-06;;
BRGP00021;Neutrik Jack NC3MXX;2;2022-01-07;;
BRGP00899;D Addario S/G Acc. EJ-10 X-Lite;1;2022-01-07;;
BRGP00921;Centurion CLED 543X RGBW;12;2022-01-07;;
BRGP01809;Srexact Jack Akai Mono SP102X-POG;2;2022-01-07;;
BRGP00899;D Addario S/G Acc. EJ-10 X-Lite;1;2022-01-08;;
BRGP00921;Centurion CLED 543X RGBW;12;2022-01-10;;
BRGP01621;SREXACT Jack RCA SP116G-C81-BK;2;2022-01-12;;
BRGP00021;Neutrik Jack NC3MXX;1;2022-01-13;;
BRGP01621;SREXACT Jack RCA SP116G-C81-BK;4;2022-01-13;;
BRGP01809;Srexact Jack Akai Mono SP102X-POG;4;2022-01-13;;
BRGP00021;Neutrik Jack NC3MXX;4;2022-01-14;;
BRGP00899;D Addario S/G Acc. EJ-10 X-Lite;1;2022-01-14;;
BRGP01623;SREXACT Jack Male SVP555V-BK-PG;2;2022-01-14;;
BRGP01809;Srexact Jack Akai Mono SP102X-POG;2;2022-01-14;;
BRGP00021;Neutrik Jack NC3MXX;3;2022-01-15;;
BRGP01809;Srexact Jack Akai Mono SP102X-POG;2;2022-01-15;;
BRGP00903;D Addario S/G Reguler EXL-120;1;2022-01-17;;
BRGP01809;Srexact Jack Akai Mono SP102X-POG;7;2022-01-17;;
BRGP01623;SREXACT Jack Male SVP555V-BK-PG;1;2022-01-18;;
BRGP01809;Srexact Jack Akai Mono SP102X-POG;6;2022-01-18;;
BRGP00021;Neutrik Jack NC3MXX;1;2022-01-19;;
BRGP01621;SREXACT Jack RCA SP116G-C81-BK;2;2022-01-19;;
BRGP01623;SREXACT Jack Male SVP555V-BK-PG;3;2022-01-19;;
BRGP01809;Srexact Jack Akai Mono SP102X-POG;4;2022-01-19;;
BRGP00021;Neutrik Jack NC3MXX;1;2022-01-20;;
BRGP00899;D Addario S/G Acc. EJ-10 X-Lite;1;2022-01-20;;
BRGP01623;SREXACT Jack Male SVP555V-BK-PG;6;2022-01-20;;
BRGP01809;Srexact Jack Akai Mono SP102X-POG;3;2022-01-20;;
BRGP01623;SREXACT Jack Male SVP555V-BK-PG;1;2022-01-21;;
BRGP00903;D Addario S/G Reguler EXL-120;1;2022-01-22;;
BRGP00021;Neutrik Jack NC3MXX;4;2022-01-24;;
BRGP00021;Neutrik Jack NC3MXX;2;2022-01-25;;
BRGP00682;Krezt Jack Speakon TSC-033;4;2022-01-25;;
BRGP01621;SREXACT Jack RCA SP116G-C81-BK;2;2022-01-25;;
BRGP01809;Srexact Jack Akai Mono SP102X-POG;2;2022-01-26;;
BRGP00021;Neutrik Jack NC3MXX;5;2022-01-27;;
BRGP00899;D Addario S/G Acc. EJ-10 X-Lite;2;2022-01-27;;
BRGP01621;SREXACT Jack RCA SP116G-C81-BK;2;2022-01-27;;
BRGP01809;Srexact Jack Akai Mono SP102X-POG;2;2022-01-27;;
BRGP00903;D Addario S/G Reguler EXL-120;2;2022-01-28;;
BRGP01621;SREXACT Jack RCA SP116G-C81-BK;4;2022-01-28;;
BRGP00021;Neutrik Jack NC3MXX;3;2022-01-31;;
BRGP00903;D Addario S/G Reguler EXL-120;1;2022-01-31;;
BRGP01809;Srexact Jack Akai Mono SP102X-POG;1;2022-01-31;;
BRGP00682;Krezt Jack Speakon TSC-033;0;2022-02-01;;
BRGP00843;Focus Jack Mic Male GCA 700/N3P;0;2022-02-01;;
BRGP00921;Centurion CLED 543X RGBW;0;2022-02-01;;
BRGP00021;Neutrik Jack NC3MXX;1;2022-02-02;;
BRGP00903;D Addario S/G Reguler EXL-120;1;2022-02-02;;
BRGP01621;SREXACT Jack RCA SP116G-C81-BK;2;2022-02-02;;
BRGP01623;SREXACT Jack Male SVP555V-BK-PG;7;2022-02-02;;
BRGP01809;Srexact Jack Akai Mono SP102X-POG;8;2022-02-02;;
BRGP00899;D Addario S/G Acc. EJ-10 X-Lite;1;2022-02-03;;
BRGP00021;Neutrik Jack NC3MXX;1;2022-02-05;;
BRGP01621;SREXACT Jack RCA SP116G-C81-BK;4;2022-02-05;;
BRGP00021;Neutrik Jack NC3MXX;16;2022-02-07;;
BRGP00903;D Addario S/G Reguler EXL-120;1;2022-02-07;;
BRGP01621;SREXACT Jack RCA SP116G-C81-BK;20;2022-02-07;;
BRGP01623;SREXACT Jack Male SVP555V-BK-PG;6;2022-02-07;;
BRGP00899;D Addario S/G Acc. EJ-10 X-Lite;1;2022-02-08;;
BRGP01809;Srexact Jack Akai Mono SP102X-POG;3;2022-02-09;;
BRGP00021;Neutrik Jack NC3MXX;2;2022-02-10;;
BRGP00903;D Addario S/G Reguler EXL-120;1;2022-02-10;;
BRGP01623;SREXACT Jack Male SVP555V-BK-PG;1;2022-02-10;;
BRGP00021;Neutrik Jack NC3MXX;1;2022-02-11;;
BRGP00899;D Addario S/G Acc. EJ-10 X-Lite;1;2022-02-11;;
BRGP01809;Srexact Jack Akai Mono SP102X-POG;2;2022-02-11;;
BRGP00903;D Addario S/G Reguler EXL-120;1;2022-02-12;;
BRGP01621;SREXACT Jack RCA SP116G-C81-BK;4;2022-02-12;;
BRGP01809;Srexact Jack Akai Mono SP102X-POG;2;2022-02-12;;
BRGP00020;Neutrik Jack NC3FXX;11;2022-02-15;;
BRGP00021;Neutrik Jack NC3MXX;10;2022-02-15;;
BRGP00020;Neutrik Jack NC3FXX;2;2022-02-16;;
BRGP00903;D Addario S/G Reguler EXL-120;1;2022-02-16;;
BRGP00899;D Addario S/G Acc. EJ-10 X-Lite;1;2022-02-17;;
BRGP01623;SREXACT Jack Male SVP555V-BK-PG;2;2022-02-17;;
BRGP01809;Srexact Jack Akai Mono SP102X-POG;7;2022-02-17;;
BRGP00020;Neutrik Jack NC3FXX;2;2022-02-18;;
BRGP00021;Neutrik Jack NC3MXX;2;2022-02-18;;
BRGP00899;D Addario S/G Acc. EJ-10 X-Lite;1;2022-02-18;;
BRGP01621;SREXACT Jack RCA SP116G-C81-BK;15;2022-02-18;;
BRGP01623;SREXACT Jack Male SVP555V-BK-PG;10;2022-02-18;;
BRGP01809;Srexact Jack Akai Mono SP102X-POG;4;2022-02-18;;
BRGP01811;Srexact Jack Stereo Mini SP110AM-G-C81-BK;5;2022-02-18;;
BRGP00899;D Addario S/G Acc. EJ-10 X-Lite;1;2022-02-19;;
BRGP00903;D Addario S/G Reguler EXL-120;1;2022-02-19;;
BRGP01809;Srexact Jack Akai Mono SP102X-POG;2;2022-02-21;;
BRGP00020;Neutrik Jack NC3FXX;1;2022-02-23;;
BRGP00903;D Addario S/G Reguler EXL-120;1;2022-02-23;;
BRGP00020;Neutrik Jack NC3FXX;2;2022-02-25;;
BRGP00021;Neutrik Jack NC3MXX;2;2022-02-25;;
BRGP01623;SREXACT Jack Male SVP555V-BK-PG;2;2022-02-25;;
BRGP01809;Srexact Jack Akai Mono SP102X-POG;2;2022-02-25;;
BRGP00899;D Addario S/G Acc. EJ-10 X-Lite;1;2022-02-26;;
BRGP00682;Krezt Jack Speakon TSC-033;0;2022-03-01;;
BRGP00843;Focus Jack Mic Male GCA 700/N3P;0;2022-03-01;;
BRGP00903;D Addario S/G Reguler EXL-120;1;2022-03-04;;
BRGP00921;Centurion CLED 543X RGBW;6;2022-03-04;;
BRGP01621;SREXACT Jack RCA SP116G-C81-BK;2;2022-03-04;;
BRGP01623;SREXACT Jack Male SVP555V-BK-PG;4;2022-03-04;;
BRGP01809;Srexact Jack Akai Mono SP102X-POG;4;2022-03-04;;
BRGP00020;Neutrik Jack NC3FXX;5;2022-03-05;;
BRGP00021;Neutrik Jack NC3MXX;5;2022-03-05;;
BRGP00903;D Addario S/G Reguler EXL-120;1;2022-03-05;;
BRGP01621;SREXACT Jack RCA SP116G-C81-BK;2;2022-03-05;;
BRGP01623;SREXACT Jack Male SVP555V-BK-PG;1;2022-03-05;;
BRGP01809;Srexact Jack Akai Mono SP102X-POG;2;2022-03-05;;
BRGP01811;Srexact Jack Stereo Mini SP110AM-G-C81-BK;1;2022-03-05;;
BRGP00020;Neutrik Jack NC3FXX;7;2022-03-07;;
BRGP00021;Neutrik Jack NC3MXX;4;2022-03-07;;
BRGP00903;D Addario S/G Reguler EXL-120;2;2022-03-07;;
BRGP01621;SREXACT Jack RCA SP116G-C81-BK;2;2022-03-07;;
BRGP01809;Srexact Jack Akai Mono SP102X-POG;2;2022-03-08;;
BRGP01623;SREXACT Jack Male SVP555V-BK-PG;3;2022-03-09;;
BRGP01809;Srexact Jack Akai Mono SP102X-POG;5;2022-03-09;;
BRGP00899;D Addario S/G Acc. EJ-10 X-Lite;2;2022-03-11;;
BRGP00899;D Addario S/G Acc. EJ-10 X-Lite;1;2022-03-12;;
BRGP01621;SREXACT Jack RCA SP116G-C81-BK;6;2022-03-12;;
BRGP01809;Srexact Jack Akai Mono SP102X-POG;4;2022-03-12;;
BRGP01621;SREXACT Jack RCA SP116G-C81-BK;2;2022-03-15;;
BRGP00899;D Addario S/G Acc. EJ-10 X-Lite;1;2022-03-16;;
BRGP00921;Centurion CLED 543X RGBW;1;2022-03-16;;
BRGP01621;SREXACT Jack RCA SP116G-C81-BK;2;2022-03-16;;
BRGP01809;Srexact Jack Akai Mono SP102X-POG;4;2022-03-16;;
BRGP00020;Neutrik Jack NC3FXX;4;2022-03-18;;
BRGP00021;Neutrik Jack NC3MXX;8;2022-03-18;;
BRGP01809;Srexact Jack Akai Mono SP102X-POG;3;2022-03-18;;
BRGP01811;Srexact Jack Stereo Mini SP110AM-G-C81-BK;1;2022-03-19;;
BRGP00020;Neutrik Jack NC3FXX;5;2022-03-21;;
BRGP00021;Neutrik Jack NC3MXX;5;2022-03-21;;
BRGP01809;Srexact Jack Akai Mono SP102X-POG;2;2022-03-21;;
BRGP00021;Neutrik Jack NC3MXX;1;2022-03-22;;
BRGP01809;Srexact Jack Akai Mono SP102X-POG;2;2022-03-22;;
BRGP01621;SREXACT Jack RCA SP116G-C81-BK;2;2022-03-25;;
BRGP01623;SREXACT Jack Male SVP555V-BK-PG;1;2022-03-25;;
BRGP01623;SREXACT Jack Male SVP555V-BK-PG;1;2022-03-26;;
BRGP01809;Srexact Jack Akai Mono SP102X-POG;7;2022-03-26;;
BRGP00921;Centurion CLED 543X RGBW;1;2022-03-28;;
BRGP00020;Neutrik Jack NC3FXX;4;2022-03-30;;
BRGP00021;Neutrik Jack NC3MXX;2;2022-03-30;;
BRGP01809;Srexact Jack Akai Mono SP102X-POG;1;2022-03-31;;
BRGP00021;Neutrik Jack NC3MXX;1;2022-04-01;;
BRGP00682;Krezt Jack Speakon TSC-033;4;2022-04-01;;
BRGP00843;Focus Jack Mic Male GCA 700/N3P;0;2022-04-01;;
BRGP00903;D Addario S/G Reguler EXL-120;0;2022-04-01;;
BRGP00921;Centurion CLED 543X RGBW;0;2022-04-01;;
BRGP00020;Neutrik Jack NC3FXX;2;2022-04-02;;
BRGP00021;Neutrik Jack NC3MXX;7;2022-04-02;;
BRGP00899;D Addario S/G Acc. EJ-10 X-Lite;1;2022-04-02;;
BRGP00020;Neutrik Jack NC3FXX;3;2022-04-05;;
BRGP00020;Neutrik Jack NC3FXX;2;2022-04-06;;
BRGP01621;SREXACT Jack RCA SP116G-C81-BK;2;2022-04-07;;
BRGP01809;Srexact Jack Akai Mono SP102X-POG;3;2022-04-07;;
BRGP00020;Neutrik Jack NC3FXX;4;2022-04-08;;
BRGP00899;D Addario S/G Acc. EJ-10 X-Lite;1;2022-04-09;;
BRGP01623;SREXACT Jack Male SVP555V-BK-PG;1;2022-04-09;;
BRGP01809;Srexact Jack Akai Mono SP102X-POG;1;2022-04-09;;
BRGP00899;D Addario S/G Acc. EJ-10 X-Lite;1;2022-04-11;;
BRGP01621;SREXACT Jack RCA SP116G-C81-BK;2;2022-04-11;;
BRGP01623;SREXACT Jack Male SVP555V-BK-PG;13;2022-04-11;;
BRGP00020;Neutrik Jack NC3FXX;2;2022-04-12;;
BRGP01621;SREXACT Jack RCA SP116G-C81-BK;1;2022-04-12;;
BRGP01809;Srexact Jack Akai Mono SP102X-POG;5;2022-04-12;;
BRGP01811;Srexact Jack Stereo Mini SP110AM-G-C81-BK;1;2022-04-12;;
BRGP01623;SREXACT Jack Male SVP555V-BK-PG;16;2022-04-13;;
BRGP01809;Srexact Jack Akai Mono SP102X-POG;2;2022-04-13;;
BRGP00020;Neutrik Jack NC3FXX;6;2022-04-14;;
BRGP00899;D Addario S/G Acc. EJ-10 X-Lite;1;2022-04-14;;
BRGP01621;SREXACT Jack RCA SP116G-C81-BK;2;2022-04-14;;
BRGP01623;SREXACT Jack Male SVP555V-BK-PG;3;2022-04-16;;
BRGP01809;Srexact Jack Akai Mono SP102X-POG;5;2022-04-16;;
BRGP00020;Neutrik Jack NC3FXX;2;2022-04-18;;
BRGP01621;SREXACT Jack RCA SP116G-C81-BK;14;2022-04-20;;
BRGP01623;SREXACT Jack Male SVP555V-BK-PG;4;2022-04-20;;
BRGP00020;Neutrik Jack NC3FXX;2;2022-04-21;;
BRGP00899;D Addario S/G Acc. EJ-10 X-Lite;1;2022-04-21;;
BRGP01623;SREXACT Jack Male SVP555V-BK-PG;4;2022-04-21;;
BRGP01621;SREXACT Jack RCA SP116G-C81-BK;4;2022-04-23;;
BRGP01623;SREXACT Jack Male SVP555V-BK-PG;2;2022-04-25;;
BRGP01809;Srexact Jack Akai Mono SP102X-POG;1;2022-04-25;;
BRGP00020;Neutrik Jack NC3FXX;27;2022-04-26;;
BRGP00682;Krezt Jack Speakon TSC-033;4;2022-04-26;;
BRGP01621;SREXACT Jack RCA SP116G-C81-BK;6;2022-04-26;;
BRGP01623;SREXACT Jack Male SVP555V-BK-PG;1;2022-04-28;;
BRGP00020;Neutrik Jack NC3FXX;5;2022-04-29;;
BRGP00021;Neutrik Jack NC3MXX;0;2022-05-01;;
BRGP00903;D Addario S/G Reguler EXL-120;0;2022-05-01;;
BRGP00843;Focus Jack Mic Male GCA 700/N3P;2;2022-05-09;;
BRGP00899;D Addario S/G Acc. EJ-10 X-Lite;1;2022-05-09;;
BRGP00921;Centurion CLED 543X RGBW;4;2022-05-09;;
BRGP01621;SREXACT Jack RCA SP116G-C81-BK;2;2022-05-10;;
BRGP01623;SREXACT Jack Male SVP555V-BK-PG;2;2022-05-10;;
BRGP00020;Neutrik Jack NC3FXX;5;2022-05-11;;
BRGP01621;SREXACT Jack RCA SP116G-C81-BK;3;2022-05-11;;
BRGP01623;SREXACT Jack Male SVP555V-BK-PG;2;2022-05-11;;
BRGP01809;Srexact Jack Akai Mono SP102X-POG;1;2022-05-11;;
BRGP00843;Focus Jack Mic Male GCA 700/N3P;4;2022-05-13;;
BRGP00899;D Addario S/G Acc. EJ-10 X-Lite;1;2022-05-13;;
BRGP00020;Neutrik Jack NC3FXX;1;2022-05-14;;
BRGP01623;SREXACT Jack Male SVP555V-BK-PG;10;2022-05-14;;
BRGP01623;SREXACT Jack Male SVP555V-BK-PG;6;2022-05-18;;
BRGP01809;Srexact Jack Akai Mono SP102X-POG;2;2022-05-18;;
BRGP00020;Neutrik Jack NC3FXX;1;2022-05-20;;
BRGP00682;Krezt Jack Speakon TSC-033;2;2022-05-20;;
BRGP01621;SREXACT Jack RCA SP116G-C81-BK;6;2022-05-20;;
BRGP01623;SREXACT Jack Male SVP555V-BK-PG;14;2022-05-20;;
BRGP01809;Srexact Jack Akai Mono SP102X-POG;7;2022-05-20;;
BRGP01811;Srexact Jack Stereo Mini SP110AM-G-C81-BK;2;2022-05-20;;
BRGP01623;SREXACT Jack Male SVP555V-BK-PG;2;2022-05-23;;
BRGP00020;Neutrik Jack NC3FXX;1;2022-05-25;;
BRGP00020;Neutrik Jack NC3FXX;3;2022-05-27;;
BRGP00899;D Addario S/G Acc. EJ-10 X-Lite;1;2022-05-27;;
BRGP00020;Neutrik Jack NC3FXX;4;2022-05-28;;
BRGP00899;D Addario S/G Acc. EJ-10 X-Lite;2;2022-05-28;;
BRGP01621;SREXACT Jack RCA SP116G-C81-BK;2;2022-05-28;;
BRGP00020;Neutrik Jack NC3FXX;1;2022-05-30;;
BRGP00899;D Addario S/G Acc. EJ-10 X-Lite;1;2022-05-30;;
BRGP01623;SREXACT Jack Male SVP555V-BK-PG;2;2022-05-30;;
BRGP00021;Neutrik Jack NC3MXX;0;2022-06-01;;
BRGP00903;D Addario S/G Reguler EXL-120;0;2022-06-01;;
BRGP00921;Centurion CLED 543X RGBW;0;2022-06-01;;
BRGP00682;Krezt Jack Speakon TSC-033;1;2022-06-07;;
BRGP00899;D Addario S/G Acc. EJ-10 X-Lite;1;2022-06-07;;
BRGP00020;Neutrik Jack NC3FXX;2;2022-06-08;;
BRGP00020;Neutrik Jack NC3FXX;1;2022-06-10;;
BRGP01623;SREXACT Jack Male SVP555V-BK-PG;2;2022-06-10;;
BRGP01809;Srexact Jack Akai Mono SP102X-POG;1;2022-06-10;;
BRGP01623;SREXACT Jack Male SVP555V-BK-PG;7;2022-06-11;;
BRGP01623;SREXACT Jack Male SVP555V-BK-PG;1;2022-06-13;;
BRGP01809;Srexact Jack Akai Mono SP102X-POG;1;2022-06-13;;
BRGP00020;Neutrik Jack NC3FXX;1;2022-06-14;;
BRGP01811;Srexact Jack Stereo Mini SP110AM-G-C81-BK;9;2022-06-14;;
BRGP01621;SREXACT Jack RCA SP116G-C81-BK;2;2022-06-16;;
BRGP01623;SREXACT Jack Male SVP555V-BK-PG;2;2022-06-17;;
BRGP01811;Srexact Jack Stereo Mini SP110AM-G-C81-BK;10;2022-06-21;;
BRGP01811;Srexact Jack Stereo Mini SP110AM-G-C81-BK;1;2022-06-22;;
BRGP01623;SREXACT Jack Male SVP555V-BK-PG;3;2022-06-25;;
BRGP01809;Srexact Jack Akai Mono SP102X-POG;2;2022-06-25;;
BRGP00843;Focus Jack Mic Male GCA 700/N3P;15;2022-06-27;;
BRGP00899;D Addario S/G Acc. EJ-10 X-Lite;1;2022-06-27;;
BRGP01809;Srexact Jack Akai Mono SP102X-POG;2;2022-06-27;;
BRGP01809;Srexact Jack Akai Mono SP102X-POG;1;2022-06-28;;
BRGP00843;Focus Jack Mic Male GCA 700/N3P;8;2022-06-29;;
BRGP01623;SREXACT Jack Male SVP555V-BK-PG;2;2022-06-29;;
BRGP00020;Neutrik Jack NC3FXX;0;2022-07-01;;
BRGP00021;Neutrik Jack NC3MXX;0;2022-07-01;;
BRGP00682;Krezt Jack Speakon TSC-033;0;2022-07-01;;
BRGP01623;SREXACT Jack Male SVP555V-BK-PG;5;2022-07-01;;
BRGP01809;Srexact Jack Akai Mono SP102X-POG;5;2022-07-01;;
BRGP01811;Srexact Jack Stereo Mini SP110AM-G-C81-BK;0;2022-07-01;;
BRGP00843;Focus Jack Mic Male GCA 700/N3P;5;2022-07-04;;
BRGP01623;SREXACT Jack Male SVP555V-BK-PG;2;2022-07-04;;
BRGP01623;SREXACT Jack Male SVP555V-BK-PG;1;2022-07-05;;
BRGP01809;Srexact Jack Akai Mono SP102X-POG;1;2022-07-05;;
BRGP01621;SREXACT Jack RCA SP116G-C81-BK;1;2022-07-13;;
BRGP01623;SREXACT Jack Male SVP555V-BK-PG;5;2022-07-13;;
BRGP01809;Srexact Jack Akai Mono SP102X-POG;2;2022-07-13;;
BRGP01623;SREXACT Jack Male SVP555V-BK-PG;2;2022-07-18;;
BRGP00843;Focus Jack Mic Male GCA 700/N3P;1;2022-07-20;;
BRGP00899;D Addario S/G Acc. EJ-10 X-Lite;1;2022-07-21;;
BRGP00903;D Addario S/G Reguler EXL-120;1;2022-07-21;;
BRGP00921;Centurion CLED 543X RGBW;9;2022-07-21;;
BRGP00903;D Addario S/G Reguler EXL-120;4;2022-07-23;;
BRGP01809;Srexact Jack Akai Mono SP102X-POG;1;2022-07-23;;
BRGP01809;Srexact Jack Akai Mono SP102X-POG;2;2022-07-25;;
BRGP00899;D Addario S/G Acc. EJ-10 X-Lite;1;2022-07-26;;
BRGP01621;SREXACT Jack RCA SP116G-C81-BK;1;2022-07-26;;
BRGP01623;SREXACT Jack Male SVP555V-BK-PG;10;2022-07-27;;
BRGP00843;Focus Jack Mic Male GCA 700/N3P;2;2022-07-28;;
BRGP01621;SREXACT Jack RCA SP116G-C81-BK;8;2022-07-28;;
BRGP00843;Focus Jack Mic Male GCA 700/N3P;5;2022-08-03;;
BRGP01621;SREXACT Jack RCA SP116G-C81-BK;2;2022-08-03;;
BRGP01809;Srexact Jack Akai Mono SP102X-POG;2;2022-08-03;;
BRGP01621;SREXACT Jack RCA SP116G-C81-BK;4;2022-08-04;;
BRGP00903;D Addario S/G Reguler EXL-120;1;2022-08-05;;
BRGP01623;SREXACT Jack Male SVP555V-BK-PG;2;2022-08-05;;
BRGP00020;Neutrik Jack NC3FXX;4;2022-08-06;;
BRGP00021;Neutrik Jack NC3MXX;4;2022-08-06;;
BRGP00903;D Addario S/G Reguler EXL-120;2;2022-08-06;;
BRGP01621;SREXACT Jack RCA SP116G-C81-BK;2;2022-08-06;;
BRGP01623;SREXACT Jack Male SVP555V-BK-PG;4;2022-08-06;;
BRGP00903;D Addario S/G Reguler EXL-120;1;2022-08-08;;
BRGP00921;Centurion CLED 543X RGBW;5;2022-08-09;;
BRGP01623;SREXACT Jack Male SVP555V-BK-PG;4;2022-08-09;;
BRGP00899;D Addario S/G Acc. EJ-10 X-Lite;1;2022-08-11;;
BRGP01623;SREXACT Jack Male SVP555V-BK-PG;4;2022-08-11;;
BRGP01809;Srexact Jack Akai Mono SP102X-POG;1;2022-08-11;;
BRGP00843;Focus Jack Mic Male GCA 700/N3P;1;2022-08-12;;
BRGP00899;D Addario S/G Acc. EJ-10 X-Lite;4;2022-08-12;;
BRGP01621;SREXACT Jack RCA SP116G-C81-BK;1;2022-08-12;;
BRGP01621;SREXACT Jack RCA SP116G-C81-BK;2;2022-08-13;;
BRGP00921;Centurion CLED 543X RGBW;6;2022-08-15;;
BRGP01621;SREXACT Jack RCA SP116G-C81-BK;2;2022-08-16;;
BRGP01809;Srexact Jack Akai Mono SP102X-POG;2;2022-08-16;;
BRGP00903;D Addario S/G Reguler EXL-120;1;2022-08-18;;
BRGP01811;Srexact Jack Stereo Mini SP110AM-G-C81-BK;1;2022-08-18;;
BRGP00843;Focus Jack Mic Male GCA 700/N3P;2;2022-08-19;;
BRGP01811;Srexact Jack Stereo Mini SP110AM-G-C81-BK;1;2022-08-19;;
BRGP01623;SREXACT Jack Male SVP555V-BK-PG;3;2022-08-20;;
BRGP01623;SREXACT Jack Male SVP555V-BK-PG;29;2022-08-23;;
BRGP01809;Srexact Jack Akai Mono SP102X-POG;10;2022-08-23;;
BRGP00899;D Addario S/G Acc. EJ-10 X-Lite;1;2022-08-24;;
BRGP01623;SREXACT Jack Male SVP555V-BK-PG;9;2022-08-24;;
BRGP01809;Srexact Jack Akai Mono SP102X-POG;4;2022-08-24;;
BRGP01811;Srexact Jack Stereo Mini SP110AM-G-C81-BK;1;2022-08-24;;
BRGP01809;Srexact Jack Akai Mono SP102X-POG;1;2022-08-25;;
BRGP00682;Krezt Jack Speakon TSC-033;2;2022-08-27;;
BRGP01623;SREXACT Jack Male SVP555V-BK-PG;10;2022-08-29;;
BRGP01811;Srexact Jack Stereo Mini SP110AM-G-C81-BK;1;2022-08-29;;
BRGP01621;SREXACT Jack RCA SP116G-C81-BK;8;2022-08-31;;
BRGP01809;Srexact Jack Akai Mono SP102X-POG;9;2022-08-31;;
BRGP00899;D Addario S/G Acc. EJ-10 X-Lite;1;2022-09-01;;
BRGP01809;Srexact Jack Akai Mono SP102X-POG;4;2022-09-01;;
BRGP00020;Neutrik Jack NC3FXX;4;2022-09-02;;
BRGP00021;Neutrik Jack NC3MXX;4;2022-09-02;;
BRGP00921;Centurion CLED 543X RGBW;1;2022-09-02;;
BRGP00903;D Addario S/G Reguler EXL-120;3;2022-09-03;;
BRGP00682;Krezt Jack Speakon TSC-033;30;2022-09-05;;
BRGP00903;D Addario S/G Reguler EXL-120;1;2022-09-06;;
BRGP01623;SREXACT Jack Male SVP555V-BK-PG;2;2022-09-06;;
BRGP00899;D Addario S/G Acc. EJ-10 X-Lite;1;2022-09-07;;
BRGP01809;Srexact Jack Akai Mono SP102X-POG;1;2022-09-07;;
BRGP00899;D Addario S/G Acc. EJ-10 X-Lite;1;2022-09-08;;
BRGP00903;D Addario S/G Reguler EXL-120;2;2022-09-09;;
BRGP00921;Centurion CLED 543X RGBW;5;2022-09-09;;
BRGP01621;SREXACT Jack RCA SP116G-C81-BK;1;2022-09-09;;
BRGP01809;Srexact Jack Akai Mono SP102X-POG;2;2022-09-09;;
BRGP00682;Krezt Jack Speakon TSC-033;2;2022-09-10;;
BRGP01809;Srexact Jack Akai Mono SP102X-POG;2;2022-09-10;;
BRGP01811;Srexact Jack Stereo Mini SP110AM-G-C81-BK;1;2022-09-10;;
BRGP00899;D Addario S/G Acc. EJ-10 X-Lite;1;2022-09-12;;
BRGP01621;SREXACT Jack RCA SP116G-C81-BK;2;2022-09-13;;
BRGP01623;SREXACT Jack Male SVP555V-BK-PG;2;2022-09-13;;
BRGP01809;Srexact Jack Akai Mono SP102X-POG;2;2022-09-13;;
BRGP01809;Srexact Jack Akai Mono SP102X-POG;1;2022-09-14;;
BRGP00899;D Addario S/G Acc. EJ-10 X-Lite;1;2022-09-15;;
BRGP01623;SREXACT Jack Male SVP555V-BK-PG;13;2022-09-15;;
BRGP01809;Srexact Jack Akai Mono SP102X-POG;2;2022-09-15;;
BRGP00903;D Addario S/G Reguler EXL-120;3;2022-09-16;;
BRGP01809;Srexact Jack Akai Mono SP102X-POG;3;2022-09-16;;
BRGP01621;SREXACT Jack RCA SP116G-C81-BK;2;2022-09-17;;
BRGP01809;Srexact Jack Akai Mono SP102X-POG;4;2022-09-17;;
BRGP00843;Focus Jack Mic Male GCA 700/N3P;3;2022-09-21;;
BRGP01809;Srexact Jack Akai Mono SP102X-POG;2;2022-09-21;;
BRGP01621;SREXACT Jack RCA SP116G-C81-BK;6;2022-09-22;;
BRGP01809;Srexact Jack Akai Mono SP102X-POG;2;2022-09-22;;
BRGP00682;Krezt Jack Speakon TSC-033;4;2022-09-23;;
BRGP01621;SREXACT Jack RCA SP116G-C81-BK;20;2022-09-23;;
BRGP01809;Srexact Jack Akai Mono SP102X-POG;3;2022-09-23;;
BRGP01621;SREXACT Jack RCA SP116G-C81-BK;2;2022-09-24;;
BRGP01621;SREXACT Jack RCA SP116G-C81-BK;3;2022-09-26;;
BRGP00682;Krezt Jack Speakon TSC-033;4;2022-09-30;;
BRGP01811;Srexact Jack Stereo Mini SP110AM-G-C81-BK;1;2022-09-30;;
BRGP00682;Krezt Jack Speakon TSC-033;0;2022-10-01;;
BRGP00899;D Addario S/G Acc. EJ-10 X-Lite;0;2022-10-01;;
BRGP01621;SREXACT Jack RCA SP116G-C81-BK;2;2022-10-01;;
BRGP01809;Srexact Jack Akai Mono SP102X-POG;4;2022-10-05;;
BRGP00020;Neutrik Jack NC3FXX;15;2022-10-07;;
BRGP00021;Neutrik Jack NC3MXX;15;2022-10-07;;
BRGP01811;Srexact Jack Stereo Mini SP110AM-G-C81-BK;3;2022-10-07;;
BRGP00020;Neutrik Jack NC3FXX;2;2022-10-10;;
BRGP00021;Neutrik Jack NC3MXX;2;2022-10-10;;
BRGP01809;Srexact Jack Akai Mono SP102X-POG;2;2022-10-10;;
BRGP01811;Srexact Jack Stereo Mini SP110AM-G-C81-BK;4;2022-10-10;;
BRGP00021;Neutrik Jack NC3MXX;20;2022-10-11;;
BRGP00903;D Addario S/G Reguler EXL-120;1;2022-10-11;;
BRGP01809;Srexact Jack Akai Mono SP102X-POG;6;2022-10-12;;
BRGP00020;Neutrik Jack NC3FXX;3;2022-10-14;;
BRGP00021;Neutrik Jack NC3MXX;1;2022-10-14;;
BRGP01809;Srexact Jack Akai Mono SP102X-POG;2;2022-10-14;;
BRGP00021;Neutrik Jack NC3MXX;1;2022-10-15;;
BRGP00921;Centurion CLED 543X RGBW;4;2022-10-15;;
BRGP01809;Srexact Jack Akai Mono SP102X-POG;2;2022-10-15;;
BRGP01811;Srexact Jack Stereo Mini SP110AM-G-C81-BK;1;2022-10-15;;
BRGP00020;Neutrik Jack NC3FXX;1;2022-10-17;;
BRGP00021;Neutrik Jack NC3MXX;1;2022-10-17;;
BRGP00843;Focus Jack Mic Male GCA 700/N3P;1;2022-10-18;;
BRGP00843;Focus Jack Mic Male GCA 700/N3P;7;2022-10-20;;
BRGP00921;Centurion CLED 543X RGBW;8;2022-10-20;;
BRGP01623;SREXACT Jack Male SVP555V-BK-PG;2;2022-10-20;;
BRGP01809;Srexact Jack Akai Mono SP102X-POG;14;2022-10-20;;
BRGP00843;Focus Jack Mic Male GCA 700/N3P;5;2022-10-21;;
BRGP00020;Neutrik Jack NC3FXX;5;2022-10-24;;
BRGP00021;Neutrik Jack NC3MXX;5;2022-10-24;;
BRGP00020;Neutrik Jack NC3FXX;12;2022-10-25;;
BRGP00021;Neutrik Jack NC3MXX;10;2022-10-25;;
BRGP01809;Srexact Jack Akai Mono SP102X-POG;8;2022-10-25;;
BRGP00020;Neutrik Jack NC3FXX;3;2022-10-26;;
BRGP00021;Neutrik Jack NC3MXX;1;2022-10-26;;
BRGP00020;Neutrik Jack NC3FXX;3;2022-10-27;;
BRGP00021;Neutrik Jack NC3MXX;3;2022-10-27;;
BRGP00020;Neutrik Jack NC3FXX;10;2022-10-28;;
BRGP00021;Neutrik Jack NC3MXX;10;2022-10-28;;
BRGP00020;Neutrik Jack NC3FXX;2;2022-10-29;;
BRGP00021;Neutrik Jack NC3MXX;2;2022-10-29;;
BRGP01809;Srexact Jack Akai Mono SP102X-POG;2;2022-10-29;;
BRGP00020;Neutrik Jack NC3FXX;4;2022-11-01;;
BRGP00021;Neutrik Jack NC3MXX;4;2022-11-01;;
BRGP00899;D Addario S/G Acc. EJ-10 X-Lite;0;2022-11-01;;
BRGP00903;D Addario S/G Reguler EXL-120;0;2022-11-01;;
BRGP01623;SREXACT Jack Male SVP555V-BK-PG;0;2022-11-01;;
BRGP01811;Srexact Jack Stereo Mini SP110AM-G-C81-BK;1;2022-11-02;;
BRGP00020;Neutrik Jack NC3FXX;1;2022-11-03;;
BRGP00021;Neutrik Jack NC3MXX;1;2022-11-03;;
BRGP01809;Srexact Jack Akai Mono SP102X-POG;1;2022-11-04;;
BRGP01811;Srexact Jack Stereo Mini SP110AM-G-C81-BK;1;2022-11-04;;
BRGP01621;SREXACT Jack RCA SP116G-C81-BK;2;2022-11-09;;
BRGP00843;Focus Jack Mic Male GCA 700/N3P;1;2022-11-10;;
BRGP00843;Focus Jack Mic Male GCA 700/N3P;10;2022-11-11;;
BRGP01809;Srexact Jack Akai Mono SP102X-POG;1;2022-11-12;;
BRGP01809;Srexact Jack Akai Mono SP102X-POG;1;2022-11-14;;
BRGP00921;Centurion CLED 543X RGBW;2;2022-11-16;;
BRGP00921;Centurion CLED 543X RGBW;12;2022-11-18;;
BRGP00921;Centurion CLED 543X RGBW;7;2022-11-22;;
BRGP00843;Focus Jack Mic Male GCA 700/N3P;1;2022-11-25;;
BRGP01809;Srexact Jack Akai Mono SP102X-POG;2;2022-11-25;;
BRGP01809;Srexact Jack Akai Mono SP102X-POG;3;2022-11-26;;
BRGP01621;SREXACT Jack RCA SP116G-C81-BK;2;2022-11-29;;
BRGP00682;Krezt Jack Speakon TSC-033;2;2022-11-30;;
BRGP00843;Focus Jack Mic Male GCA 700/N3P;2;2022-11-30;;
BRGP01621;SREXACT Jack RCA SP116G-C81-BK;2;2022-11-30;;
BRGP01809;Srexact Jack Akai Mono SP102X-POG;7;2022-11-30;;
BRGP00921;Centurion CLED 543X RGBW;3;2022-12-01;;
BRGP01621;SREXACT Jack RCA SP116G-C81-BK;4;2022-12-01;;
BRGP01809;Srexact Jack Akai Mono SP102X-POG;1;2022-12-01;;
BRGP00843;Focus Jack Mic Male GCA 700/N3P;3;2022-12-02;;
BRGP01623;SREXACT Jack Male SVP555V-BK-PG;7;2022-12-05;;
BRGP01809;Srexact Jack Akai Mono SP102X-POG;2;2022-12-05;;
BRGP01809;Srexact Jack Akai Mono SP102X-POG;2;2022-12-06;;
BRGP00921;Centurion CLED 543X RGBW;5;2022-12-07;;
BRGP00921;Centurion CLED 543X RGBW;3;2022-12-08;;
BRGP01621;SREXACT Jack RCA SP116G-C81-BK;4;2022-12-09;;
BRGP01811;Srexact Jack Stereo Mini SP110AM-G-C81-BK;3;2022-12-09;;
BRGP00921;Centurion CLED 543X RGBW;10;2022-12-10;;
BRGP00682;Krezt Jack Speakon TSC-033;6;2022-12-13;;
BRGP01811;Srexact Jack Stereo Mini SP110AM-G-C81-BK;12;2022-12-13;;
BRGP01811;Srexact Jack Stereo Mini SP110AM-G-C81-BK;2;2022-12-14;;
BRGP00020;Neutrik Jack NC3FXX;2;2022-12-15;;
BRGP00021;Neutrik Jack NC3MXX;2;2022-12-15;;
BRGP00843;Focus Jack Mic Male GCA 700/N3P;1;2022-12-15;;
BRGP01811;Srexact Jack Stereo Mini SP110AM-G-C81-BK;9;2022-12-15;;
BRGP00899;D Addario S/G Acc. EJ-10 X-Lite;1;2022-12-16;;
BRGP01811;Srexact Jack Stereo Mini SP110AM-G-C81-BK;11;2022-12-16;;
BRGP00682;Krezt Jack Speakon TSC-033;6;2022-12-17;;
BRGP01621;SREXACT Jack RCA SP116G-C81-BK;2;2022-12-17;;
BRGP01621;SREXACT Jack RCA SP116G-C81-BK;2;2022-12-19;;
BRGP01623;SREXACT Jack Male SVP555V-BK-PG;2;2022-12-19;;
BRGP01811;Srexact Jack Stereo Mini SP110AM-G-C81-BK;4;2022-12-19;;
BRGP00899;D Addario S/G Acc. EJ-10 X-Lite;1;2022-12-20;;
BRGP00903;D Addario S/G Reguler EXL-120;2;2022-12-20;;
BRGP01621;SREXACT Jack RCA SP116G-C81-BK;4;2022-12-20;;
BRGP01811;Srexact Jack Stereo Mini SP110AM-G-C81-BK;14;2022-12-20;;
BRGP00843;Focus Jack Mic Male GCA 700/N3P;10;2022-12-21;;
BRGP00899;D Addario S/G Acc. EJ-10 X-Lite;4;2022-12-21;;
BRGP01811;Srexact Jack Stereo Mini SP110AM-G-C81-BK;10;2022-12-21;;
BRGP00903;D Addario S/G Reguler EXL-120;1;2022-12-22;;
BRGP00899;D Addario S/G Acc. EJ-10 X-Lite;1;2022-12-23;;
BRGP01811;Srexact Jack Stereo Mini SP110AM-G-C81-BK;4;2022-12-24;;
BRGP00903;D Addario S/G Reguler EXL-120;1;2022-12-26;;
BRGP00843;Focus Jack Mic Male GCA 700/N3P;2;2022-12-27;;
BRGP01811;Srexact Jack Stereo Mini SP110AM-G-C81-BK;1;2022-12-28;;
BRGP00843;Focus Jack Mic Male GCA 700/N3P;2;2022-12-29;;
BRGP00899;D Addario S/G Acc. EJ-10 X-Lite;1;2022-12-29;;
BRGP01811;Srexact Jack Stereo Mini SP110AM-G-C81-BK;1;2022-12-29;;
BRGP00903;D Addario S/G Reguler EXL-120;1;2022-12-30;;
BRGP01811;Srexact Jack Stereo Mini SP110AM-G-C81-BK;3;2022-12-30;;
BRGP01811;Srexact Jack Stereo Mini SP110AM-G-C81-BK;1;2022-12-31;;
BRGP00682;Krezt Jack Speakon TSC-033;0;2023-01-01;;
BRGP01623;SREXACT Jack Male SVP555V-BK-PG;0;2023-01-01;;
BRGP00843;Focus Jack Mic Male GCA 700/N3P;5;2023-01-03;;
BRGP00903;D Addario S/G Reguler EXL-120;2;2023-01-03;;
BRGP01809;Srexact Jack Akai Mono SP102X-POG;1;2023-01-03;;
BRGP00899;D Addario S/G Acc. EJ-10 X-Lite;1;2023-01-04;;
BRGP00903;D Addario S/G Reguler EXL-120;1;2023-01-04;;
BRGP01809;Srexact Jack Akai Mono SP102X-POG;1;2023-01-04;;
BRGP00899;D Addario S/G Acc. EJ-10 X-Lite;1;2023-01-05;;
BRGP01809;Srexact Jack Akai Mono SP102X-POG;8;2023-01-05;;
BRGP01811;Srexact Jack Stereo Mini SP110AM-G-C81-BK;1;2023-01-05;;
BRGP00921;Centurion CLED 543X RGBW;2;2023-01-06;;
BRGP01621;SREXACT Jack RCA SP116G-C81-BK;2;2023-01-10;;
BRGP01621;SREXACT Jack RCA SP116G-C81-BK;2;2023-01-11;;
BRGP01621;SREXACT Jack RCA SP116G-C81-BK;2;2023-01-16;;
BRGP00020;Neutrik Jack NC3FXX;2;2023-01-17;;
BRGP01809;Srexact Jack Akai Mono SP102X-POG;8;2023-01-17;;
BRGP00020;Neutrik Jack NC3FXX;2;2023-01-18;;
BRGP00843;Focus Jack Mic Male GCA 700/N3P;2;2023-01-18;;
BRGP01809;Srexact Jack Akai Mono SP102X-POG;6;2023-01-18;;
BRGP00020;Neutrik Jack NC3FXX;4;2023-01-19;;
BRGP01621;SREXACT Jack RCA SP116G-C81-BK;2;2023-01-20;;
BRGP01809;Srexact Jack Akai Mono SP102X-POG;2;2023-01-20;;
BRGP01811;Srexact Jack Stereo Mini SP110AM-G-C81-BK;1;2023-01-20;;
BRGP00020;Neutrik Jack NC3FXX;3;2023-01-21;;
BRGP01621;SREXACT Jack RCA SP116G-C81-BK;4;2023-01-23;;
BRGP00020;Neutrik Jack NC3FXX;4;2023-01-24;;
BRGP00021;Neutrik Jack NC3MXX;8;2023-01-24;;
BRGP01621;SREXACT Jack RCA SP116G-C81-BK;3;2023-01-24;;
BRGP00020;Neutrik Jack NC3FXX;10;2023-01-25;;
BRGP00021;Neutrik Jack NC3MXX;10;2023-01-25;;
BRGP00843;Focus Jack Mic Male GCA 700/N3P;4;2023-01-25;;
BRGP00020;Neutrik Jack NC3FXX;1;2023-01-26;;
BRGP00021;Neutrik Jack NC3MXX;1;2023-01-26;;
BRGP00020;Neutrik Jack NC3FXX;3;2023-01-27;;
BRGP00021;Neutrik Jack NC3MXX;3;2023-01-27;;
BRGP00903;D Addario S/G Reguler EXL-120;1;2023-01-27;;
BRGP00020;Neutrik Jack NC3FXX;2;2023-01-31;;
BRGP00021;Neutrik Jack NC3MXX;2;2023-01-31;;
BRGP00020;Neutrik Jack NC3FXX;0;2023-02-01;;
BRGP00021;Neutrik Jack NC3MXX;2;2023-02-01;;
BRGP00899;D Addario S/G Acc. EJ-10 X-Lite;0;2023-02-01;;
BRGP00903;D Addario S/G Reguler EXL-120;0;2023-02-01;;
BRGP00921;Centurion CLED 543X RGBW;0;2023-02-01;;
BRGP01623;SREXACT Jack Male SVP555V-BK-PG;0;2023-02-01;;
BRGP01809;Srexact Jack Akai Mono SP102X-POG;4;2023-02-02;;
BRGP01811;Srexact Jack Stereo Mini SP110AM-G-C81-BK;1;2023-02-02;;
BRGP01809;Srexact Jack Akai Mono SP102X-POG;2;2023-02-03;;
BRGP01809;Srexact Jack Akai Mono SP102X-POG;2;2023-02-04;;
BRGP01621;SREXACT Jack RCA SP116G-C81-BK;1;2023-02-06;;
BRGP01809;Srexact Jack Akai Mono SP102X-POG;1;2023-02-06;;
BRGP00843;Focus Jack Mic Male GCA 700/N3P;2;2023-02-07;;
BRGP01809;Srexact Jack Akai Mono SP102X-POG;2;2023-02-07;;
BRGP01621;SREXACT Jack RCA SP116G-C81-BK;1;2023-02-08;;
BRGP01809;Srexact Jack Akai Mono SP102X-POG;2;2023-02-08;;
BRGP01621;SREXACT Jack RCA SP116G-C81-BK;2;2023-02-11;;
BRGP00682;Krezt Jack Speakon TSC-033;6;2023-02-13;;
BRGP01809;Srexact Jack Akai Mono SP102X-POG;1;2023-02-13;;
BRGP01621;SREXACT Jack RCA SP116G-C81-BK;4;2023-02-15;;
BRGP01809;Srexact Jack Akai Mono SP102X-POG;1;2023-02-15;;
BRGP01809;Srexact Jack Akai Mono SP102X-POG;1;2023-02-17;;
BRGP01621;SREXACT Jack RCA SP116G-C81-BK;2;2023-02-20;;
BRGP01809;Srexact Jack Akai Mono SP102X-POG;2;2023-02-20;;
BRGP01809;Srexact Jack Akai Mono SP102X-POG;1;2023-02-21;;
BRGP01809;Srexact Jack Akai Mono SP102X-POG;1;2023-02-23;;
BRGP01809;Srexact Jack Akai Mono SP102X-POG;1;2023-02-28;;
BRGP00020;Neutrik Jack NC3FXX;0;2023-03-01;;
BRGP00021;Neutrik Jack NC3MXX;0;2023-03-01;;
BRGP00843;Focus Jack Mic Male GCA 700/N3P;0;2023-03-01;;
BRGP00899;D Addario S/G Acc. EJ-10 X-Lite;0;2023-03-01;;
BRGP00903;D Addario S/G Reguler EXL-120;0;2023-03-01;;
BRGP00921;Centurion CLED 543X RGBW;0;2023-03-01;;
BRGP01623;SREXACT Jack Male SVP555V-BK-PG;0;2023-03-01;;
BRGP00682;Krezt Jack Speakon TSC-033;1;2023-03-02;;
BRGP01621;SREXACT Jack RCA SP116G-C81-BK;3;2023-03-03;;
BRGP01809;Srexact Jack Akai Mono SP102X-POG;1;2023-03-03;;
BRGP01811;Srexact Jack Stereo Mini SP110AM-G-C81-BK;2;2023-03-10;;
BRGP01809;Srexact Jack Akai Mono SP102X-POG;10;2023-03-11;;
BRGP01809;Srexact Jack Akai Mono SP102X-POG;2;2023-03-13;;
BRGP01621;SREXACT Jack RCA SP116G-C81-BK;2;2023-03-14;;
BRGP01809;Srexact Jack Akai Mono SP102X-POG;4;2023-03-14;;
BRGP01809;Srexact Jack Akai Mono SP102X-POG;1;2023-03-15;;
BRGP01621;SREXACT Jack RCA SP116G-C81-BK;1;2023-03-17;;
BRGP01621;SREXACT Jack RCA SP116G-C81-BK;2;2023-03-18;;
BRGP01809;Srexact Jack Akai Mono SP102X-POG;1;2023-03-20;;
BRGP01809;Srexact Jack Akai Mono SP102X-POG;2;2023-03-21;;
BRGP01621;SREXACT Jack RCA SP116G-C81-BK;4;2023-03-25;;
BRGP01809;Srexact Jack Akai Mono SP102X-POG;1;2023-03-25;;
BRGP01621;SREXACT Jack RCA SP116G-C81-BK;6;2023-03-27;;
BRGP01809;Srexact Jack Akai Mono SP102X-POG;1;2023-03-29;;
BRGP00020;Neutrik Jack NC3FXX;0;2023-04-01;;
BRGP00021;Neutrik Jack NC3MXX;0;2023-04-01;;
BRGP00843;Focus Jack Mic Male GCA 700/N3P;0;2023-04-01;;
BRGP00899;D Addario S/G Acc. EJ-10 X-Lite;0;2023-04-01;;
BRGP00903;D Addario S/G Reguler EXL-120;0;2023-04-01;;
BRGP00921;Centurion CLED 543X RGBW;4;2023-04-01;;
BRGP01623;SREXACT Jack Male SVP555V-BK-PG;0;2023-04-01;;
BRGP01809;Srexact Jack Akai Mono SP102X-POG;2;2023-04-04;;
BRGP01809;Srexact Jack Akai Mono SP102X-POG;8;2023-04-05;;
BRGP01809;Srexact Jack Akai Mono SP102X-POG;5;2023-04-06;;
BRGP00682;Krezt Jack Speakon TSC-033;4;2023-04-08;;
BRGP01621;SREXACT Jack RCA SP116G-C81-BK;2;2023-04-08;;
BRGP01811;Srexact Jack Stereo Mini SP110AM-G-C81-BK;1;2023-04-08;;
BRGP01809;Srexact Jack Akai Mono SP102X-POG;2;2023-04-10;;
BRGP01621;SREXACT Jack RCA SP116G-C81-BK;2;2023-04-11;;
BRGP01809;Srexact Jack Akai Mono SP102X-POG;2;2023-04-11;;
BRGP01621;SREXACT Jack RCA SP116G-C81-BK;18;2023-04-14;;
BRGP01621;SREXACT Jack RCA SP116G-C81-BK;2;2023-04-18;;
BRGP01809;Srexact Jack Akai Mono SP102X-POG;3;2023-04-20;;
BRGP01811;Srexact Jack Stereo Mini SP110AM-G-C81-BK;1;2023-04-20;;
BRGP00020;Neutrik Jack NC3FXX;0;2023-05-01;;
BRGP00021;Neutrik Jack NC3MXX;0;2023-05-01;;
BRGP00682;Krezt Jack Speakon TSC-033;0;2023-05-01;;
BRGP00843;Focus Jack Mic Male GCA 700/N3P;0;2023-05-01;;
BRGP00899;D Addario S/G Acc. EJ-10 X-Lite;0;2023-05-01;;
BRGP00903;D Addario S/G Reguler EXL-120;0;2023-05-01;;
BRGP00921;Centurion CLED 543X RGBW;1;2023-05-02;;
BRGP01809;Srexact Jack Akai Mono SP102X-POG;2;2023-05-02;;
BRGP01621;SREXACT Jack RCA SP116G-C81-BK;10;2023-05-08;;
BRGP01621;SREXACT Jack RCA SP116G-C81-BK;2;2023-05-10;;
BRGP01809;Srexact Jack Akai Mono SP102X-POG;2;2023-05-12;;
BRGP01811;Srexact Jack Stereo Mini SP110AM-G-C81-BK;1;2023-05-15;;
BRGP01809;Srexact Jack Akai Mono SP102X-POG;2;2023-05-17;;
BRGP01811;Srexact Jack Stereo Mini SP110AM-G-C81-BK;2;2023-05-17;;
BRGP01809;Srexact Jack Akai Mono SP102X-POG;2;2023-05-20;;
BRGP01809;Srexact Jack Akai Mono SP102X-POG;2;2023-05-23;;
BRGP01621;SREXACT Jack RCA SP116G-C81-BK;2;2023-05-26;;
BRGP01809;Srexact Jack Akai Mono SP102X-POG;5;2023-05-27;;
BRGP01621;SREXACT Jack RCA SP116G-C81-BK;2;2023-05-29;;
BRGP01809;Srexact Jack Akai Mono SP102X-POG;1;2023-05-29;;
BRGP01811;Srexact Jack Stereo Mini SP110AM-G-C81-BK;1;2023-05-30;;
BRGP01621;SREXACT Jack RCA SP116G-C81-BK;6;2023-05-31;;
BRGP01623;SREXACT Jack Male SVP555V-BK-PG;3;2023-05-31;;
BRGP01809;Srexact Jack Akai Mono SP102X-POG;2;2023-05-31;;
BRGP00020;Neutrik Jack NC3FXX;0;2023-06-01;;
BRGP00021;Neutrik Jack NC3MXX;0;2023-06-01;;
BRGP00682;Krezt Jack Speakon TSC-033;0;2023-06-01;;
BRGP00899;D Addario S/G Acc. EJ-10 X-Lite;0;2023-06-01;;
BRGP00903;D Addario S/G Reguler EXL-120;0;2023-06-01;;
BRGP00843;Focus Jack Mic Male GCA 700/N3P;2;2023-06-02;;
BRGP01621;SREXACT Jack RCA SP116G-C81-BK;6;2023-06-02;;
BRGP01623;SREXACT Jack Male SVP555V-BK-PG;6;2023-06-02;;
BRGP01809;Srexact Jack Akai Mono SP102X-POG;1;2023-06-02;;
BRGP00921;Centurion CLED 543X RGBW;1;2023-06-03;;
BRGP01623;SREXACT Jack Male SVP555V-BK-PG;42;2023-06-05;;
BRGP01809;Srexact Jack Akai Mono SP102X-POG;1;2023-06-05;;
BRGP01811;Srexact Jack Stereo Mini SP110AM-G-C81-BK;4;2023-06-05;;
BRGP01809;Srexact Jack Akai Mono SP102X-POG;1;2023-06-06;;
BRGP01809;Srexact Jack Akai Mono SP102X-POG;2;2023-06-07;;
BRGP01623;SREXACT Jack Male SVP555V-BK-PG;1;2023-06-08;;
BRGP01623;SREXACT Jack Male SVP555V-BK-PG;4;2023-06-12;;
BRGP01809;Srexact Jack Akai Mono SP102X-POG;2;2023-06-12;;
BRGP01621;SREXACT Jack RCA SP116G-C81-BK;2;2023-06-14;;
BRGP01811;Srexact Jack Stereo Mini SP110AM-G-C81-BK;1;2023-06-14;;
BRGP01809;Srexact Jack Akai Mono SP102X-POG;1;2023-06-19;;
BRGP01811;Srexact Jack Stereo Mini SP110AM-G-C81-BK;1;2023-06-19;;
BRGP01811;Srexact Jack Stereo Mini SP110AM-G-C81-BK;1;2023-06-20;;
BRGP01621;SREXACT Jack RCA SP116G-C81-BK;2;2023-06-21;;
BRGP01809;Srexact Jack Akai Mono SP102X-POG;1;2023-06-21;;
BRGP01809;Srexact Jack Akai Mono SP102X-POG;20;2023-06-22;;
BRGP01809;Srexact Jack Akai Mono SP102X-POG;1;2023-06-23;;
BRGP01621;SREXACT Jack RCA SP116G-C81-BK;2;2023-06-24;;
BRGP01809;Srexact Jack Akai Mono SP102X-POG;2;2023-06-24;;
BRGP01811;Srexact Jack Stereo Mini SP110AM-G-C81-BK;1;2023-06-26;;
BRGP01621;SREXACT Jack RCA SP116G-C81-BK;4;2023-06-28;;
BRGP00020;Neutrik Jack NC3FXX;0;2023-07-01;;
BRGP00682;Krezt Jack Speakon TSC-033;0;2023-07-01;;
BRGP00843;Focus Jack Mic Male GCA 700/N3P;0;2023-07-01;;
BRGP00899;D Addario S/G Acc. EJ-10 X-Lite;0;2023-07-01;;
BRGP00903;D Addario S/G Reguler EXL-120;0;2023-07-01;;
BRGP00921;Centurion CLED 543X RGBW;0;2023-07-01;;
BRGP01621;SREXACT Jack RCA SP116G-C81-BK;0;2023-07-01;;
BRGP01809;Srexact Jack Akai Mono SP102X-POG;2;2023-07-01;;
BRGP01809;Srexact Jack Akai Mono SP102X-POG;1;2023-07-04;;
BRGP01809;Srexact Jack Akai Mono SP102X-POG;1;2023-07-05;;
BRGP00021;Neutrik Jack NC3MXX;1;2023-07-10;;
BRGP01623;SREXACT Jack Male SVP555V-BK-PG;2;2023-07-10;;
BRGP00021;Neutrik Jack NC3MXX;4;2023-07-12;;
BRGP01811;Srexact Jack Stereo Mini SP110AM-G-C81-BK;2;2023-07-12;;
BRGP01809;Srexact Jack Akai Mono SP102X-POG;1;2023-07-13;;
BRGP00021;Neutrik Jack NC3MXX;9;2023-07-14;;
BRGP01809;Srexact Jack Akai Mono SP102X-POG;1;2023-07-14;;
BRGP01811;Srexact Jack Stereo Mini SP110AM-G-C81-BK;1;2023-07-14;;
BRGP01809;Srexact Jack Akai Mono SP102X-POG;6;2023-07-15;;
BRGP01811;Srexact Jack Stereo Mini SP110AM-G-C81-BK;1;2023-07-15;;
BRGP01809;Srexact Jack Akai Mono SP102X-POG;1;2023-07-17;;
BRGP01809;Srexact Jack Akai Mono SP102X-POG;2;2023-07-20;;
BRGP01623;SREXACT Jack Male SVP555V-BK-PG;10;2023-07-22;;
BRGP01809;Srexact Jack Akai Mono SP102X-POG;6;2023-07-22;;
BRGP01811;Srexact Jack Stereo Mini SP110AM-G-C81-BK;2;2023-07-22;;
BRGP01623;SREXACT Jack Male SVP555V-BK-PG;2;2023-07-25;;
BRGP01809;Srexact Jack Akai Mono SP102X-POG;4;2023-07-25;;
BRGP00021;Neutrik Jack NC3MXX;3;2023-07-26;;
BRGP01623;SREXACT Jack Male SVP555V-BK-PG;1;2023-07-26;;
BRGP01809;Srexact Jack Akai Mono SP102X-POG;3;2023-07-27;;
BRGP01623;SREXACT Jack Male SVP555V-BK-PG;4;2023-07-28;;
BRGP01809;Srexact Jack Akai Mono SP102X-POG;2;2023-07-29;;
BRGP00682;Krezt Jack Speakon TSC-033;0;2023-08-01;;
BRGP00843;Focus Jack Mic Male GCA 700/N3P;0;2023-08-01;;
BRGP00899;D Addario S/G Acc. EJ-10 X-Lite;0;2023-08-01;;
BRGP00903;D Addario S/G Reguler EXL-120;0;2023-08-01;;
BRGP01623;SREXACT Jack Male SVP555V-BK-PG;3;2023-08-02;;
BRGP01809;Srexact Jack Akai Mono SP102X-POG;3;2023-08-03;;
BRGP01809;Srexact Jack Akai Mono SP102X-POG;2;2023-08-05;;
BRGP01811;Srexact Jack Stereo Mini SP110AM-G-C81-BK;1;2023-08-05;;
BRGP00021;Neutrik Jack NC3MXX;4;2023-08-07;;
BRGP01623;SREXACT Jack Male SVP555V-BK-PG;2;2023-08-07;;
BRGP00020;Neutrik Jack NC3FXX;11;2023-08-08;;
BRGP00021;Neutrik Jack NC3MXX;11;2023-08-08;;
BRGP01809;Srexact Jack Akai Mono SP102X-POG;2;2023-08-08;;
BRGP01623;SREXACT Jack Male SVP555V-BK-PG;3;2023-08-09;;
BRGP01809;Srexact Jack Akai Mono SP102X-POG;4;2023-08-09;;
BRGP01623;SREXACT Jack Male SVP555V-BK-PG;2;2023-08-10;;
BRGP01809;Srexact Jack Akai Mono SP102X-POG;6;2023-08-10;;
BRGP01811;Srexact Jack Stereo Mini SP110AM-G-C81-BK;3;2023-08-10;;
BRGP01623;SREXACT Jack Male SVP555V-BK-PG;4;2023-08-11;;
BRGP01809;Srexact Jack Akai Mono SP102X-POG;9;2023-08-11;;
BRGP01811;Srexact Jack Stereo Mini SP110AM-G-C81-BK;2;2023-08-11;;
BRGP01809;Srexact Jack Akai Mono SP102X-POG;2;2023-08-12;;
BRGP00020;Neutrik Jack NC3FXX;8;2023-08-14;;
BRGP00021;Neutrik Jack NC3MXX;8;2023-08-14;;
BRGP01623;SREXACT Jack Male SVP555V-BK-PG;4;2023-08-14;;
BRGP01809;Srexact Jack Akai Mono SP102X-POG;2;2023-08-14;;
BRGP01811;Srexact Jack Stereo Mini SP110AM-G-C81-BK;1;2023-08-14;;
BRGP00020;Neutrik Jack NC3FXX;2;2023-08-16;;
BRGP00021;Neutrik Jack NC3MXX;2;2023-08-16;;
BRGP00020;Neutrik Jack NC3FXX;3;2023-08-18;;
BRGP00021;Neutrik Jack NC3MXX;1;2023-08-18;;
BRGP01621;SREXACT Jack RCA SP116G-C81-BK;4;2023-08-18;;
BRGP00020;Neutrik Jack NC3FXX;2;2023-08-19;;
BRGP00921;Centurion CLED 543X RGBW;2;2023-08-19;;
BRGP01623;SREXACT Jack Male SVP555V-BK-PG;3;2023-08-21;;
BRGP00921;Centurion CLED 543X RGBW;4;2023-08-24;;
BRGP00020;Neutrik Jack NC3FXX;1;2023-08-25;;
BRGP00021;Neutrik Jack NC3MXX;1;2023-08-25;;
BRGP00020;Neutrik Jack NC3FXX;2;2023-08-28;;
BRGP00021;Neutrik Jack NC3MXX;5;2023-08-28;;
BRGP00020;Neutrik Jack NC3FXX;3;2023-08-29;;
BRGP00021;Neutrik Jack NC3MXX;3;2023-08-29;;
BRGP00020;Neutrik Jack NC3FXX;6;2023-08-30;;
BRGP00021;Neutrik Jack NC3MXX;6;2023-08-30;;
BRGP01811;Srexact Jack Stereo Mini SP110AM-G-C81-BK;2;2023-08-30;;
BRGP00020;Neutrik Jack NC3FXX;1;2023-08-31;;
BRGP00021;Neutrik Jack NC3MXX;1;2023-08-31;;
BRGP00921;Centurion CLED 543X RGBW;6;2023-08-31;;
BRGP01811;Srexact Jack Stereo Mini SP110AM-G-C81-BK;1;2023-08-31;;
BRGP00682;Krezt Jack Speakon TSC-033;0;2023-09-01;;
BRGP00899;D Addario S/G Acc. EJ-10 X-Lite;0;2023-09-01;;
BRGP00903;D Addario S/G Reguler EXL-120;0;2023-09-01;;
BRGP00921;Centurion CLED 543X RGBW;6;2023-09-01;;
BRGP01621;SREXACT Jack RCA SP116G-C81-BK;0;2023-09-01;;
BRGP01809;Srexact Jack Akai Mono SP102X-POG;0;2023-09-01;;
BRGP01811;Srexact Jack Stereo Mini SP110AM-G-C81-BK;2;2023-09-01;;
BRGP01623;SREXACT Jack Male SVP555V-BK-PG;1;2023-09-05;;
BRGP00020;Neutrik Jack NC3FXX;6;2023-09-06;;
BRGP00021;Neutrik Jack NC3MXX;6;2023-09-06;;
BRGP00020;Neutrik Jack NC3FXX;1;2023-09-07;;
BRGP00021;Neutrik Jack NC3MXX;1;2023-09-07;;
BRGP00921;Centurion CLED 543X RGBW;6;2023-09-08;;
BRGP00020;Neutrik Jack NC3FXX;4;2023-09-09;;
BRGP00021;Neutrik Jack NC3MXX;4;2023-09-09;;
BRGP01811;Srexact Jack Stereo Mini SP110AM-G-C81-BK;1;2023-09-09;;
BRGP00020;Neutrik Jack NC3FXX;2;2023-09-11;;
BRGP00021;Neutrik Jack NC3MXX;2;2023-09-11;;
BRGP00020;Neutrik Jack NC3FXX;1;2023-09-12;;
BRGP00021;Neutrik Jack NC3MXX;1;2023-09-12;;
BRGP00020;Neutrik Jack NC3FXX;6;2023-09-14;;
BRGP00021;Neutrik Jack NC3MXX;3;2023-09-14;;
BRGP01811;Srexact Jack Stereo Mini SP110AM-G-C81-BK;1;2023-09-14;;
BRGP00020;Neutrik Jack NC3FXX;5;2023-09-16;;
BRGP00021;Neutrik Jack NC3MXX;5;2023-09-16;;
BRGP00020;Neutrik Jack NC3FXX;6;2023-09-19;;
BRGP00021;Neutrik Jack NC3MXX;6;2023-09-19;;
BRGP00020;Neutrik Jack NC3FXX;14;2023-09-21;;
BRGP00021;Neutrik Jack NC3MXX;14;2023-09-21;;
BRGP00020;Neutrik Jack NC3FXX;1;2023-09-26;;
BRGP00021;Neutrik Jack NC3MXX;1;2023-09-26;;
BRGP01811;Srexact Jack Stereo Mini SP110AM-G-C81-BK;1;2023-09-26;;
BRGP00843;Focus Jack Mic Male GCA 700/N3P;3;2023-09-27;;
BRGP00020;Neutrik Jack NC3FXX;9;2023-09-29;;
BRGP00021;Neutrik Jack NC3MXX;15;2023-09-29;;
BRGP01623;SREXACT Jack Male SVP555V-BK-PG;1;2023-09-29;;
BRGP01811;Srexact Jack Stereo Mini SP110AM-G-C81-BK;5;2023-09-29;;
BRGP00682;Krezt Jack Speakon TSC-033;0;2023-10-01;;
BRGP00843;Focus Jack Mic Male GCA 700/N3P;0;2023-10-01;;
BRGP00899;D Addario S/G Acc. EJ-10 X-Lite;0;2023-10-01;;
BRGP00903;D Addario S/G Reguler EXL-120;0;2023-10-01;;
BRGP01623;SREXACT Jack Male SVP555V-BK-PG;1;2023-10-03;;
BRGP01811;Srexact Jack Stereo Mini SP110AM-G-C81-BK;2;2023-10-04;;
BRGP00020;Neutrik Jack NC3FXX;2;2023-10-06;;
BRGP00021;Neutrik Jack NC3MXX;5;2023-10-06;;
BRGP00020;Neutrik Jack NC3FXX;3;2023-10-11;;
BRGP00021;Neutrik Jack NC3MXX;3;2023-10-11;;
BRGP01811;Srexact Jack Stereo Mini SP110AM-G-C81-BK;2;2023-10-12;;
BRGP00020;Neutrik Jack NC3FXX;1;2023-10-16;;
BRGP00021;Neutrik Jack NC3MXX;1;2023-10-16;;
BRGP00921;Centurion CLED 543X RGBW;5;2023-10-16;;
BRGP01811;Srexact Jack Stereo Mini SP110AM-G-C81-BK;2;2023-10-17;;
BRGP01811;Srexact Jack Stereo Mini SP110AM-G-C81-BK;1;2023-10-18;;
BRGP00020;Neutrik Jack NC3FXX;1;2023-10-20;;
BRGP01811;Srexact Jack Stereo Mini SP110AM-G-C81-BK;2;2023-10-20;;
BRGP01809;Srexact Jack Akai Mono SP102X-POG;3;2023-10-21;;
BRGP00921;Centurion CLED 543X RGBW;1;2023-10-23;;
BRGP01623;SREXACT Jack Male SVP555V-BK-PG;10;2023-10-23;;
BRGP01621;SREXACT Jack RCA SP116G-C81-BK;2;2023-10-26;;
BRGP01811;Srexact Jack Stereo Mini SP110AM-G-C81-BK;1;2023-10-26;;
BRGP01621;SREXACT Jack RCA SP116G-C81-BK;2;2023-10-27;;
BRGP01623;SREXACT Jack Male SVP555V-BK-PG;2;2023-10-28;;
BRGP01621;SREXACT Jack RCA SP116G-C81-BK;2;2023-10-30;;
BRGP00843;Focus Jack Mic Male GCA 700/N3P;0;2023-11-01;;
BRGP00899;D Addario S/G Acc. EJ-10 X-Lite;0;2023-11-01;;
BRGP00903;D Addario S/G Reguler EXL-120;0;2023-11-01;;
BRGP00921;Centurion CLED 543X RGBW;0;2023-11-01;;
BRGP01621;SREXACT Jack RCA SP116G-C81-BK;10;2023-11-03;;
BRGP01623;SREXACT Jack Male SVP555V-BK-PG;3;2023-11-03;;
BRGP01623;SREXACT Jack Male SVP555V-BK-PG;3;2023-11-04;;
BRGP01621;SREXACT Jack RCA SP116G-C81-BK;9;2023-11-06;;
BRGP01623;SREXACT Jack Male SVP555V-BK-PG;2;2023-11-06;;
BRGP01809;Srexact Jack Akai Mono SP102X-POG;8;2023-11-06;;
BRGP01811;Srexact Jack Stereo Mini SP110AM-G-C81-BK;1;2023-11-06;;
BRGP01623;SREXACT Jack Male SVP555V-BK-PG;5;2023-11-07;;
BRGP01809;Srexact Jack Akai Mono SP102X-POG;2;2023-11-10;;
BRGP01621;SREXACT Jack RCA SP116G-C81-BK;8;2023-11-11;;
BRGP01809;Srexact Jack Akai Mono SP102X-POG;1;2023-11-14;;
BRGP01621;SREXACT Jack RCA SP116G-C81-BK;2;2023-11-15;;
BRGP01623;SREXACT Jack Male SVP555V-BK-PG;1;2023-11-15;;
BRGP01809;Srexact Jack Akai Mono SP102X-POG;2;2023-11-15;;
BRGP01809;Srexact Jack Akai Mono SP102X-POG;2;2023-11-18;;
BRGP01811;Srexact Jack Stereo Mini SP110AM-G-C81-BK;1;2023-11-18;;
BRGP01621;SREXACT Jack RCA SP116G-C81-BK;2;2023-11-20;;
BRGP01623;SREXACT Jack Male SVP555V-BK-PG;2;2023-11-21;;
BRGP00682;Krezt Jack Speakon TSC-033;4;2023-11-22;;
BRGP00020;Neutrik Jack NC3FXX;5;2023-11-24;;
BRGP00021;Neutrik Jack NC3MXX;5;2023-11-24;;
BRGP01623;SREXACT Jack Male SVP555V-BK-PG;4;2023-11-24;;
BRGP01809;Srexact Jack Akai Mono SP102X-POG;2;2023-11-27;;
BRGP01809;Srexact Jack Akai Mono SP102X-POG;8;2023-11-28;;
BRGP01621;SREXACT Jack RCA SP116G-C81-BK;8;2023-11-30;;
BRGP01623;SREXACT Jack Male SVP555V-BK-PG;1;2023-11-30;;
BRGP01811;Srexact Jack Stereo Mini SP110AM-G-C81-BK;1;2023-11-30;;
BRGP00020;Neutrik Jack NC3FXX;0;2023-12-01;;
BRGP00682;Krezt Jack Speakon TSC-033;0;2023-12-01;;
BRGP00843;Focus Jack Mic Male GCA 700/N3P;0;2023-12-01;;
BRGP00921;Centurion CLED 543X RGBW;0;2023-12-01;;
BRGP01623;SREXACT Jack Male SVP555V-BK-PG;1;2023-12-01;;
BRGP01809;Srexact Jack Akai Mono SP102X-POG;4;2023-12-01;;
BRGP01623;SREXACT Jack Male SVP555V-BK-PG;1;2023-12-02;;
BRGP01809;Srexact Jack Akai Mono SP102X-POG;4;2023-12-02;;
BRGP01623;SREXACT Jack Male SVP555V-BK-PG;3;2023-12-04;;
BRGP01809;Srexact Jack Akai Mono SP102X-POG;3;2023-12-04;;
BRGP01809;Srexact Jack Akai Mono SP102X-POG;2;2023-12-06;;
BRGP01621;SREXACT Jack RCA SP116G-C81-BK;2;2023-12-12;;
BRGP01621;SREXACT Jack RCA SP116G-C81-BK;4;2023-12-13;;
BRGP01809;Srexact Jack Akai Mono SP102X-POG;2;2023-12-14;;
BRGP01621;SREXACT Jack RCA SP116G-C81-BK;2;2023-12-15;;
BRGP01621;SREXACT Jack RCA SP116G-C81-BK;6;2023-12-16;;
BRGP01809;Srexact Jack Akai Mono SP102X-POG;16;2023-12-16;;
BRGP01623;SREXACT Jack Male SVP555V-BK-PG;4;2023-12-18;;
BRGP01809;Srexact Jack Akai Mono SP102X-POG;2;2023-12-18;;
BRGP01811;Srexact Jack Stereo Mini SP110AM-G-C81-BK;1;2023-12-18;;
BRGP01623;SREXACT Jack Male SVP555V-BK-PG;3;2023-12-20;;
BRGP01809;Srexact Jack Akai Mono SP102X-POG;5;2023-12-20;;
BRGP00899;D Addario S/G Acc. EJ-10 X-Lite;2;2023-12-21;;
BRGP01623;SREXACT Jack Male SVP555V-BK-PG;2;2023-12-21;;
BRGP01623;SREXACT Jack Male SVP555V-BK-PG;6;2023-12-22;;
BRGP00903;D Addario S/G Reguler EXL-120;1;2023-12-23;;
BRGP01809;Srexact Jack Akai Mono SP102X-POG;6;2023-12-23;;
BRGP00899;D Addario S/G Acc. EJ-10 X-Lite;1;2023-12-26;;
BRGP01623;SREXACT Jack Male SVP555V-BK-PG;9;2023-12-26;;
BRGP00899;D Addario S/G Acc. EJ-10 X-Lite;2;2023-12-27;;
BRGP01811;Srexact Jack Stereo Mini SP110AM-G-C81-BK;1;2023-12-27;;
BRGP00021;Neutrik Jack NC3MXX;2;2023-12-28;;
BRGP00899;D Addario S/G Acc. EJ-10 X-Lite;1;2023-12-28;;
BRGP00903;D Addario S/G Reguler EXL-120;1;2023-12-28;;
BRGP01621;SREXACT Jack RCA SP116G-C81-BK;2;2023-12-29;;
BRGP01623;SREXACT Jack Male SVP555V-BK-PG;1;2023-12-30;;
BRGP01809;Srexact Jack Akai Mono SP102X-POG;1;2023-12-30;;
BRGP00020;Neutrik Jack NC3FXX;0;2024-01-01;;
BRGP00021;Neutrik Jack NC3MXX;0;2024-01-01;;
BRGP00682;Krezt Jack Speakon TSC-033;0;2024-01-01;;
BRGP00843;Focus Jack Mic Male GCA 700/N3P;0;2024-01-01;;
BRGP00921;Centurion CLED 543X RGBW;0;2024-01-01;;
BRGP00903;D Addario S/G Reguler EXL-120;1;2024-01-06;;
BRGP01621;SREXACT Jack RCA SP116G-C81-BK;2;2024-01-06;;
BRGP01623;SREXACT Jack Male SVP555V-BK-PG;4;2024-01-06;;
BRGP00899;D Addario S/G Acc. EJ-10 X-Lite;1;2024-01-12;;
BRGP01809;Srexact Jack Akai Mono SP102X-POG;2;2024-01-12;;
BRGP01811;Srexact Jack Stereo Mini SP110AM-G-C81-BK;1;2024-01-12;;
BRGP00899;D Addario S/G Acc. EJ-10 X-Lite;1;2024-01-13;;
BRGP01621;SREXACT Jack RCA SP116G-C81-BK;2;2024-01-13;;
BRGP01621;SREXACT Jack RCA SP116G-C81-BK;2;2024-01-17;;
BRGP01809;Srexact Jack Akai Mono SP102X-POG;2;2024-01-17;;
